"Nonspamfeatures","Spamfeatures","SpamOrNot"
0,1.93,1
0,3.47,1
0.06,1.36,1
0,3.18,1
0,3.18,1
0,1.85,1
0,3.85,1
0,1.88,1
0,2,1
0,1.67,1
0,3.84,1
0,1.16,1
0,2.09,1
0,2.72,1
0,5.35,1
0,1.7,1
0,2.83,1
0,2.11,1
0,3.15,1
0,2.22,1
0,0,1
0,2.09,1
0,2.94,1
0,1.75,1
1.44,0,1
0,2.09,1
1.44,0,1
0,3.33,1
0,3.33,1
0,1.3,1
1.17,3.52,1
0,3.03,1
0,3.51,1
0,4.83,1
0.68,2.04,1
0,5.12,1
0,2.94,1
0.48,2.43,1
0,1.46,1
0.41,2.08,1
0,2.76,1
0,2.94,1
0,2.94,1
0,3.15,1
0,1.82,1
0.15,4.07,1
0.06,4.54,1
0,4.97,1
0.02,3.22,1
0,3.51,1
0,3.84,1
0,2.19,1
0,1.67,1
1.26,1.26,1
0,2.2,1
0,2.17,1
0,3.66,1
0,5.06,1
0,1.36,1
0.42,2.1,1
0,1.77,1
0.71,7.1,1
0,1.39,1
0.34,3.42,1
0,4.1,1
0,1.98,1
0,1.95,1
0,5.88,1
0.3,5.53,1
0,0,1
0,3.79,1
0,1.6,1
0.44,2.24,1
0.46,2.76,1
0.48,2.41,1
0,2.83,1
0,4.14,1
0,2.96,1
0.41,2.09,1
0,5.26,1
0,5.55,1
0,2.38,1
0,2.91,1
0,2.56,1
0,0,1
0,1.86,1
0,2.69,1
0.79,3.96,1
0.06,1.21,1
0,0,1
0,3.93,1
0.02,3.25,1
0.07,3.43,1
0.07,3.43,1
0,2.77,1
0.46,1.87,1
0.35,2.11,1
0,1.29,1
0,1.21,1
0.41,3.73,1
0,4.96,1
0,2.59,1
0,0,1
0,2.59,1
0,0,1
0,2.59,1
0,0,1
0,1.58,1
0,0,1
0,3.92,1
0,2.46,1
0,2.38,1
0,1.52,1
0,0.95,1
0,2.9,1
0.51,1.53,1
0.05,1.55,1
0.05,1.55,1
0,5.12,1
0,3.91,1
0.05,1.55,1
0.05,1.55,1
0.03,3.08,1
0,0.64,1
0,0.92,1
0,3.69,1
1.01,4.04,1
0,4.76,1
0,4,1
0,7.05,1
1.14,3.04,1
0,4,1
0.56,2.25,1
0,1.6,1
1.26,0,1
0,0.98,1
0,0.98,1
0,2.33,1
1.49,2.98,1
0,1.65,1
0,2.33,1
0,1.58,1
0.03,3.08,1
0,1.58,1
0,4.16,1
1.26,0,1
0,2.33,1
0.14,0.58,1
0,1.09,1
0,2.44,1
0,3.13,1
0,3.95,1
0,4.05,1
0,1.24,1
0.33,2.02,1
0,4.76,1
0,3.94,1
0,1.81,1
0,0.85,1
0,0.27,1
0.21,0.43,1
0,2.77,1
0.58,3.66,1
0,1.03,1
0,2.77,1
0,5.59,1
0,2.1,1
0,1.77,1
0,0.76,1
0,4.62,1
0,1.32,1
0,3.17,1
0.5,2.5,1
0.54,1.64,1
0,3.12,1
0,4.08,1
0,0,1
0.44,4.03,1
0.33,2.64,1
0,4.08,1
0.17,3.01,1
0.17,3.03,1
0,0.87,1
0.44,4.46,1
0.36,2.53,1
0,0,1
0,1.19,1
0,6.25,1
0,6.91,1
0,1.87,1
0,2.82,1
0,5.29,1
0,2.41,1
0,0.58,1
0,3.17,1
0,1.63,1
0.54,4.32,1
0,3.17,1
0.53,4.3,1
0,2.07,1
0,3.84,1
1.15,2.7,1
1.17,2.73,1
0,4.76,1
0,1.83,1
0.56,2.25,1
0.55,1.67,1
0,5.26,1
0,2.46,1
0,3.33,1
0.17,3,1
0,2.08,1
0,5.33,1
0.54,4.32,1
0,3.12,1
0.9,3.63,1
0.02,0.25,1
0.02,0.25,1
0.08,2.5,1
0.48,1.44,1
0,2.77,1
0.34,5.86,1
0,2.7,1
0,2.61,1
0.32,3.25,1
0.32,3.24,1
0,4.52,1
0,1.84,1
0.71,1.42,1
0,2.98,1
0.33,0.66,1
0.55,2.2,1
0,0.98,1
0,1.81,1
0,10.16,1
0,1.29,1
0,1.29,1
0,3.14,1
0.54,3.27,1
0,4.7,1
0,2.1,1
0,1.35,1
0.55,3.35,1
0,4.49,1
0.32,3.26,1
0,3.59,1
0.55,3.35,1
0,2.15,1
0.47,1.42,1
0.95,1.11,1
3.58,0.39,1
0,2.3,1
0,3.5,1
0.13,2.37,1
0.13,2.23,1
0,4,1
0,3.57,1
0,2.4,1
0.33,3.3,1
0,3.55,1
0.33,3.3,1
0.95,1.11,1
0,2.48,1
0,0.86,1
0.79,3.17,1
0,2.35,1
0,3.33,1
0,2.5,1
0,2.92,1
0,2.35,1
0,2.35,1
0,1.76,1
0,3.29,1
0,6.25,1
0.57,3.42,1
0,0.88,1
0.47,1.42,1
0.57,3.42,1
0,0.51,1
0.57,3.42,1
0,3.27,1
0,0.87,1
0,0.95,1
0,2.62,1
0,2.75,1
0,0.92,1
0,1.56,1
0.42,2.14,1
0.06,4.48,1
0.1,2.92,1
0,5.4,1
0,4.12,1
0,3.43,1
0,2.76,1
0,0.78,1
0,3.7,1
0.64,3.24,1
0,5.97,1
0,3.27,1
0.18,2.45,1
0.35,5.3,1
0,4.13,1
0.18,2.45,1
0,3.2,1
0.32,3.26,1
0,2.56,1
0,0.94,1
0,2.75,1
0,1.81,1
0,1.72,1
0.43,2.17,1
0,1.72,1
0,1.64,1
0.06,4.49,1
0,0.58,1
0,2.46,1
0,0.91,1
0,5.26,1
0.18,2.44,1
0.18,2.45,1
0.32,3.25,1
0,0,1
0.31,2.49,1
0,0,1
0,0,1
0,0,1
0.17,1.74,1
0,4,1
1.05,3.15,1
0.49,2.13,1
1.53,3.07,1
0,5.26,1
1.28,3.84,1
0.47,0.94,1
0,2.81,1
0,1.46,1
0,2.58,1
0,0.43,1
1.28,3.84,1
0,1.82,1
0.32,3.25,1
0,5.19,1
1.28,3.84,1
0,2.54,1
0,2.61,1
0.19,1.16,1
0,0.43,1
0,0.4,1
0,2.58,1
0,0.43,1
0,1.46,1
2.06,0,1
1.28,3.84,1
0.32,3.25,1
0.06,4.49,1
0,5.26,1
0,0.91,1
0,4.65,1
0,6.25,1
0.02,0.17,1
0,0,1
0.48,4.36,1
0,3.81,1
0.32,3.25,1
0,7.69,1
0,3.81,1
0,5,1
0,1.53,1
0.64,3.24,1
0.67,0.67,1
0.02,0.17,1
0.67,0.67,1
0,0.2,1
0.61,1.22,1
0,3.7,1
0,0.45,1
0.03,3.12,1
0,4.25,1
0,3.65,1
0,5.26,1
0.12,4.44,1
0.44,4.46,1
0.08,1.62,1
0.46,2.8,1
0,0.86,1
0,4.4,1
0,4.4,1
0,2.98,1
0,3.58,1
0.08,1.86,1
0,3.36,1
0,0,1
0,2.97,1
0,3.65,1
0,2.98,1
1.03,0,1
0,2.64,1
0,3.37,1
0.34,3.49,1
0.93,2.79,1
0,2.88,1
0.35,5.96,1
0.55,3.31,1
0,1.75,1
0,3.57,1
0,3.58,1
0,3.48,1
0,0.43,1
0,0.84,1
0,2.29,1
0.08,1.61,1
0,0.6,1
1.31,2.62,1
0.14,2.35,1
0.28,2.89,1
0,2.51,1
0,3.87,1
0.14,2.86,1
0.15,2.56,1
0.03,3.03,1
0,1.36,1
0,1.76,1
0.49,2.97,1
0,4.71,1
0.02,3.23,1
0,1.76,1
1.56,1.56,1
0,3.33,1
0,3.46,1
0,4.56,1
0,2.03,1
0,5.79,1
0,2.03,1
0,1.79,1
0,5.88,1
0.12,4.44,1
0,0.88,1
0,2.41,1
0,2.63,1
0,3.61,1
1.07,0,1
0,1.92,1
0.19,3.19,1
0,0,1
0,0.69,1
0.31,2.51,1
0,0.52,1
0,1.79,1
0.12,2.33,1
0.12,2.33,1
0,2.51,1
0,1.54,1
0,2.88,1
0,6.45,1
0,4.48,1
0,0.53,1
0,1.72,1
1.26,0,1
0,0.84,1
0,0.9,1
0,3.01,1
0,4.44,1
0,5,1
1.08,0,1
0,1.38,1
0,4.53,1
0.71,3.8,1
0.09,3.69,1
0,3.22,1
0,4.34,1
0,4.34,1
0,3.33,1
0,3.24,1
0,3.73,1
0.64,3.24,1
1.08,0,1
0,3.7,1
1.08,0,1
1.16,0,1
0.44,1.32,1
0,2.89,1
0,0,1
0,0.1,1
0,3.6,1
0,1.66,1
0,6.66,1
0,1.72,1
0,5.18,1
0.08,1.61,1
0.51,1.79,1
0,3.15,1
0,1.94,1
0,1.72,1
0,0.88,1
0.1,3.43,1
1.17,0,1
0,4,1
0,5.32,1
0,3.93,1
0.03,2.99,1
0,0,1
1.12,0,1
0,2.41,1
0.08,1.61,1
0.19,1.14,1
0.35,2.85,1
0,1.9,1
0,4.1,1
0.39,3.54,1
0,0,1
0.04,3.74,1
0,6.14,1
0,2.65,1
0.17,2.64,1
0,2.9,1
0,1.6,1
0.06,3.5,1
1.17,0,1
0,2.63,1
0,2.79,1
0,3.87,1
0,3.84,1
0,2.19,1
0,2.13,1
0.27,3.38,1
0,2.83,1
0,2.36,1
0,1.63,1
0,2.36,1
0.06,3.2,1
0.2,2.45,1
0,5.14,1
0,5.32,1
0,1.21,1
0,1.55,1
1.17,0,1
1.17,0,1
0,0.21,1
0,2.72,1
0,3.06,1
0.28,1.97,1
0,1.85,1
0,3.86,1
0,4.95,1
0,2.23,1
0,12.5,1
0,1.63,1
0,4.41,1
0.8,3.5,1
0,2.02,1
0.4,2.04,1
0,3.09,1
0,3.63,1
0,3.33,1
0.03,2.96,1
0,2.83,1
0.66,3.47,1
0,4.76,1
0.12,1.93,1
0,1.96,1
0.16,1.48,1
0,3.4,1
0.64,3.21,1
0,2.73,1
0,5,1
0,5,1
0,0,1
0,4.21,1
0,0.49,1
0.08,2.9,1
0,2.53,1
1.04,0,1
0,2.66,1
0,4.03,1
0,3.62,1
0,2.56,1
0,2.56,1
0,2.56,1
0,4.21,1
1.05,0,1
0,3.88,1
0,0.93,1
0.27,3.27,1
0,3.91,1
0,2.56,1
0,0.28,1
0,3.63,1
0,2.83,1
0,0,1
0,7.57,1
0.54,3.26,1
0,2.38,1
0,4.76,1
0,0.22,1
0,0.76,1
0.11,3.07,1
0,3.77,1
0,1.28,1
0,2.24,1
0,2.72,1
0.02,3.3,1
0,2.76,1
0,4.06,1
0,3.8,1
0,4.9,1
0.62,1.86,1
0,0,1
0,3.36,1
2.15,4.31,1
0.27,3.38,1
0.45,3.53,1
0,2.2,1
0.1,1.31,1
0.45,3.53,1
0.03,3.06,1
1.35,4.52,1
0,1.79,1
0,3.77,1
0,3.82,1
0,3.37,1
0,2.04,1
0,1.88,1
0,7.35,1
0,3.71,1
0,2.47,1
0,4.09,1
0,1.37,1
0,0.85,1
0,2.95,1
0,3.76,1
0,2.34,1
0,6.55,1
0.07,3.18,1
0,7.46,1
0,0.71,1
0,1.62,1
0,2.83,1
0.32,2.59,1
0,3.01,1
0,4.45,1
0,2.2,1
0.42,3.79,1
0,4.41,1
0.57,4.57,1
0.89,6.25,1
0,4.08,1
0,4.41,1
0,6.52,1
0,0.52,1
0.97,2.91,1
0,0.86,1
0,3.96,1
0.32,2.61,1
0,2.67,1
0,2.64,1
0,4.71,1
0,2.58,1
0.66,2,1
0,0.6,1
0,4.59,1
0,3.66,1
0,4.76,1
0,0.84,1
0.1,3.49,1
0,3.16,1
0.3,2.47,1
0,1.13,1
0.35,2.46,1
0.32,4.6,1
0.13,3.14,1
0,2.59,1
0,3.55,1
0.34,1.02,1
0,1.61,1
0,6.66,1
0,0.16,1
0,2.46,1
0.42,4.2,1
0,2.22,1
0,0.16,1
0.07,3.47,1
0,1.29,1
0.2,2.86,1
0,2.32,1
0,0.88,1
0,2.76,1
0.07,3.19,1
0.07,3.05,1
0,2.22,1
0,3.19,1
0,4.51,1
0,2.23,1
0,2.59,1
0,2.58,1
0.59,0.59,1
0.1,1.31,1
0,2.81,1
0,2.4,1
0.1,1.31,1
0,3.16,1
0,2.15,1
0,0,1
0,2.15,1
0,1.3,1
0,2.22,1
0,4,1
0.42,2.11,1
0.23,3.76,1
0,4.49,1
0,1.98,1
0.07,3.05,1
0,0.95,1
0,1.26,1
0,1.41,1
0,1.3,1
0,1.41,1
0,1.96,1
0.23,2.12,1
0,3.5,1
0.33,0.99,1
0.32,0.98,1
0.2,2.06,1
0.1,1.31,1
0.08,2.32,1
0.08,2.32,1
0,3.73,1
0,2.94,1
0,3.52,1
0,0,1
0,2.2,1
0.24,0.96,1
0,4.14,1
0,3.93,1
0,1.5,1
0,1.42,1
0,4.03,1
0,2.91,1
0.22,0.89,1
1.35,1.35,1
0.26,2.15,1
0,4.48,1
0,0.68,1
0.52,1.58,1
0,0.87,1
0,0.27,1
0,1.92,1
0.09,1.38,1
0,12.5,1
0,0.68,1
0.34,4.96,1
0,4.32,1
0,7.27,1
0,2.02,1
0,3.26,1
0,2.52,1
0.16,2.47,1
0,2.59,1
0,2.95,1
0,3.6,1
0,1.69,1
0,2.37,1
0.38,3.46,1
0,2.8,1
0,3.69,1
0,2.83,1
0,4.16,1
0,1.88,1
0.89,6.25,1
0,0.74,1
0,4.24,1
0,1.16,1
0,4.42,1
0,3.99,1
0,0.52,1
0,3.87,1
0,2.95,1
0,3.98,1
0,2.46,1
0.09,1.28,1
0,1.47,1
0,4.17,1
0,9.09,1
0.27,3.35,1
0,0.22,1
0.64,3.89,1
0,1.9,1
0,0.21,1
0.27,3.27,1
0.27,3.27,1
0.54,3.26,1
0,2.61,1
0,2.56,1
0,0.93,1
0,2.02,1
0.11,2.8,1
0,1.45,1
0.27,3.36,1
0,2.75,1
0,3.34,1
0,3.4,1
0.25,1.77,1
0,3.29,1
0.08,1.61,1
1.28,2.56,1
0.28,1.97,1
0,2.45,1
0.34,1.02,1
1.17,0,1
0,1.02,1
0,5.36,1
0.34,1.02,1
0.27,3.36,1
0.08,1.61,1
0,3.48,1
0,2.7,1
0,0,1
0.1,3,1
0,3.72,1
0,3.02,1
0,5.23,1
0,5.14,1
0.27,3.38,1
0,2.2,1
0,0.63,1
0,2.22,1
0.11,3.21,1
0,1.47,1
0,2.04,1
0.06,3.19,1
0,5.77,1
0,2.38,1
0,3.38,1
0,2.65,1
0,2.64,1
0.51,2.56,1
0,2,1
0,3.33,1
0.15,3.95,1
0,4.58,1
0.15,3.95,1
0.64,3.24,1
1.26,1.26,1
0,1.72,1
0,0.09,1
1.12,0,1
0,4.14,1
0,4.54,1
0,1.3,1
0,6.17,1
0,3,1
0,3.03,1
0,2.08,1
2.46,6.17,1
1.17,0,1
0,3.5,1
0,2.04,1
0,1.96,1
0.39,3.51,1
0,1.42,1
0,1.66,1
0,0.1,1
0.09,0.28,1
0,2.83,1
0,3.35,1
0,1.38,1
0,3.34,1
0,3.34,1
0,3.7,1
0,0.17,1
0,4.2,1
1.46,1.46,1
0.37,3.73,1
0,3.37,1
0,2.01,1
0,0.88,1
0,4.34,1
0,4.76,1
0,5.14,1
0,5.55,1
0,5.18,1
0,5.45,1
0,3.3,1
0,6.41,1
0.49,2.94,1
0,5.26,1
0,5.18,1
0,4.48,1
0,4.46,1
0.34,1.02,1
1.08,0,1
0,2.75,1
0,4,1
0,3.69,1
0,0,1
0.1,2.99,1
1.25,3.76,1
0,3.97,1
0,0.29,1
0.27,3.04,1
0,5.26,1
0,5.26,1
0,4.65,1
0,3.41,1
0,3.12,1
0.19,1.6,1
0,2.03,1
1.25,0,1
0,1.7,1
0.37,2.63,1
0.98,1.96,1
0.03,3,1
0.2,2.66,1
1.03,0,1
0,5.26,1
0,4.91,1
0,1.3,1
0,2.35,1
0.32,3.25,1
0,0.25,1
0,2.47,1
0.64,3.24,1
0.64,3.24,1
0,2.34,1
0,0.4,1
0,2.36,1
0,6.06,1
0,3.36,1
0,0.87,1
0,2.36,1
0,2.43,1
0.03,3.11,1
0.43,4.38,1
1.23,4.93,1
0,3.17,1
0,3.6,1
0,0.98,1
0,1.89,1
0,2.75,1
0.05,1.15,1
0.05,1.04,1
0,3.47,1
0,3.47,1
0.38,1.14,1
0.38,1.14,1
0.38,1.14,1
0,0.21,1
0,0.2,1
0,3.28,1
0,0.21,1
0,0.2,1
0,3,1
0.64,3.24,1
0.08,1.62,1
0,2.75,1
1.03,3.09,1
1.04,3.12,1
1.03,3.09,1
0,2.8,1
0,4.87,1
0.65,2.63,1
0,1.05,1
0,4.47,1
0,5.19,1
0.02,0.17,1
0.66,0.66,1
0.67,0.67,1
0,1.07,1
0.27,1.09,1
0,1.07,1
0,1.84,1
0,3.81,1
0,3.8,1
0,3.81,1
0,2.02,1
0,5.4,1
0,4.47,1
0,1.95,1
0,1.08,1
0,1.71,1
0,3.22,1
0,4.91,1
0,4.68,1
0.18,2.65,1
0,3.22,1
0,5.26,1
0,3.36,1
0.68,2.73,1
0.38,2.32,1
0,2.73,1
0.31,3.14,1
1.09,3.29,1
0.1,1.31,1
0,3.27,1
1.24,3.1,1
0,0.41,1
0.41,2.47,1
0.41,2.47,1
0.41,2.47,1
1.29,3.89,1
0,5.4,1
0,4.97,1
0,5.04,1
0,2.47,1
0,3.75,1
0,5.26,1
0,5.26,1
0,2.7,1
0.47,4.24,1
0.36,2.53,1
0,7.35,1
0,7.35,1
0,3.1,1
0,3.04,1
0.37,2.6,1
0,3.75,1
0.36,2.53,1
0,2.26,1
0,1.51,1
0,3.82,1
0,0.91,1
0.05,1.09,1
1.19,3.57,1
1.34,2.24,1
0.77,2.32,1
0,1.82,1
0.1,1.31,1
0.8,2.4,1
0,3.27,1
0,3.49,1
0,3.66,1
0.65,3.25,1
0.65,3.25,1
0.08,1.62,1
0.05,4.21,1
0,4.87,1
0,3.53,1
1.14,4.59,1
0,3.57,1
0,2.7,1
0,2.75,1
0.35,6,1
0,4.1,1
0,0.83,1
0.09,0.77,1
1.61,1.61,1
0.97,0.97,1
0.56,3.38,1
0,2.23,1
0,2.41,1
0,5.26,1
0,1.47,1
0.05,1.04,1
0,1.22,1
0,2.62,1
0,4.41,1
1.22,0.45,1
0.41,3.73,1
0.16,1.87,1
0,2.23,1
0,1.58,1
0,5.26,1
0,1.22,1
0.38,3.43,1
0,1.78,1
0.06,1.23,1
0,1.36,1
0,2.3,1
0,3.27,1
0,3.87,1
0,3.75,1
0,4,1
0,4.25,1
0,2.45,1
0,3.22,1
0.55,3.31,1
0.55,3.31,1
0.31,3.19,1
0.34,5.9,1
0,1.56,1
0.54,3.24,1
0,1.88,1
0,1.32,1
0,2.2,1
0,3.55,1
0.31,3.19,1
0.31,3.19,1
0,4.21,1
0.48,4.36,1
0.41,3.73,1
0.17,3,1
0,0.64,1
0,3.27,1
0,3.14,1
0,3.14,1
0,4.86,1
0,2.9,1
0,0.9,1
0,3.44,1
0,5.33,1
0,3.32,1
0,6.36,1
0,1.49,1
0,1.7,1
1.13,2.65,1
0,2.66,1
0.36,2.54,1
0.54,4.32,1
0,1.81,1
1.44,1.92,1
0.98,2.94,1
0,4.44,1
0,1.89,1
0,2.74,1
0,4,1
0.03,2.75,1
0,2.72,1
0,1.74,1
0,2.8,1
0.3,3.03,1
0.3,3.02,1
0,6.54,1
0.02,3.05,1
0,1.74,1
0.3,3.03,1
0.3,3.03,1
0,5.26,1
0,0,1
0,7.14,1
0,1.44,1
0,1.44,1
0.17,3.03,1
0,0.87,1
0,0.87,1
0,2.9,1
0,7.04,1
0,4.04,1
0,0.58,1
0,3.17,1
0,1.32,1
0.02,3.21,1
0,2,1
0,3.17,1
0,3.79,1
0.73,3.3,1
0,4.52,1
0,3.46,1
0,2.17,1
0,3.79,1
0,3.87,1
0,3.17,1
0,4.43,1
0,3.87,1
0,1.67,1
0,2.99,1
0,3.96,1
0,2.9,1
0.04,1.53,1
0,2.9,1
0,0,1
0,4.87,1
0.48,6.73,1
0.02,3.23,1
0,1.47,1
0.53,4.25,1
0.41,3.73,1
0,3.91,1
0,3.91,1
0,4.54,1
0.17,3.81,1
0,2.81,1
0,2.83,1
0.02,3.24,1
0,1.8,1
0,1.23,1
0,1.23,1
0,1.23,1
0,1.38,1
0.34,5.86,1
0,2.2,1
1.09,1.09,1
0,2.8,1
0,3.61,1
0,2.47,1
0,1.81,1
0,1.38,1
0,1.35,1
0,2.94,1
0,1.99,1
0,2.67,1
0,5.55,1
0,3.97,1
0.11,4.84,1
0,3.18,1
0.47,2.38,1
0,3.18,1
0,1.45,1
0,2.89,1
0,1.35,1
0,1.9,1
0,1.9,1
0.02,2.93,1
0,5,1
0.1,1.31,1
0,2.94,1
0,3.95,1
0,4.76,1
0,3.14,1
0,3.12,1
0.02,3.25,1
0,4.09,1
0,2.63,1
0,2.99,1
0,3.06,1
0,2.91,1
0.48,2.41,1
0.48,2.42,1
0.49,2.45,1
0,5.1,1
0.02,2.93,1
1.17,3.52,1
0,1.29,1
0,1.29,1
0,1.29,1
0,0.3,1
0,4.6,1
0,3.7,1
0.02,3.22,1
0,3.15,1
0,2.22,1
0,3.95,1
0,3.15,1
0,2.83,1
0,4.04,1
0.33,1.68,1
0,0.88,1
0,1.21,1
0,3.81,1
0,1.56,1
0,2.56,1
0.22,0.45,1
0,3.21,1
0,2.95,1
0,2.95,1
0,2,1
0,1.91,1
0,3.75,1
0,1.58,1
0,7.09,1
0,3.88,1
0,1.45,1
0,2.54,1
0,1.45,1
0,3.27,1
0,3.01,1
0,5,1
0.65,3.26,1
0,3.22,1
0,3.84,1
0,3.24,1
0,2.45,1
0,2.2,1
0,2.08,1
0,2.2,1
0,2.2,1
0,2.2,1
0,1.18,1
0.1,1.31,1
0,3.33,1
0.1,1.31,1
0,1.4,1
0,4.03,1
0,4.21,1
0,4.24,1
0,1.39,1
0,2.46,1
0,2.2,1
0,3.83,1
0,2.8,1
0,2.81,1
0,1.75,1
0,1.87,1
0,0.92,1
0,1.13,1
0,4.24,1
0,1.94,1
0,1.87,1
0,0.59,1
0,2.17,1
0,3.81,1
0,2.78,1
0,1.25,1
0,2.7,1
0,1.33,1
0,1.81,1
0,2.64,1
0,2.22,1
0,1.61,1
0.53,2.13,1
0,3.52,1
0,6.06,1
0,1.6,1
0,1.6,1
0.11,4.51,1
0.08,2.43,1
0,2.22,1
0,2.03,1
0,2.2,1
0,3.46,1
0,4.6,1
0.62,1.88,1
0,2.72,1
0,2.33,1
0,1.91,1
0.05,3.56,1
0.05,3.56,1
0,3.07,1
1.05,0,1
0,1.35,1
0,2.89,1
0,2.46,1
0,2.56,1
0,3.84,1
0.03,4.38,1
1.04,0,1
0,1.96,1
0,4.76,1
0,4.25,1
0.16,1.45,1
0,3.09,1
0,1.84,1
0,1.88,1
0,6.66,1
0,1.88,1
0,6.66,1
0,1.88,1
0,6.66,1
0,0.21,1
0,4.61,1
0,4.1,1
0,5.18,1
0,3.21,1
0,1.33,1
0,1.1,1
0,2.19,1
0.27,3.38,1
0.12,4.55,1
0.12,4.55,1
0,0,1
0.13,3.98,1
0,3.38,1
0,5.4,1
0,1.01,1
0,2.65,1
0,2.14,1
0.35,2.85,1
0,0.57,1
0,1.72,1
0.03,3.16,1
0,3.54,1
0,1.72,1
0.08,1.61,1
0.09,3.67,1
0,1.92,1
0,1.72,1
0,1.26,1
0,1.61,1
0,1.6,1
0,1.61,1
0,3.15,1
0,1.25,1
0,1.66,1
1.11,0,1
0,1.67,1
0,4.16,1
0,3.6,1
0,3.89,1
0.48,5.79,1
0,1.85,1
0,2.72,1
0,2.55,1
0,0.3,1
0,3.18,1
1.37,3.21,1
0,2.91,1
0,3.73,1
0.09,2.75,1
0,1.34,1
0,0.2,1
0,3.38,1
0,4.34,1
0,3.14,1
0.12,4.45,1
0,2.63,1
0,1.8,1
0,2.04,1
0.12,2.33,1
0,1,1
0,2.48,1
0,2.08,1
0,2.89,1
0,4.91,1
0,0.52,1
0,0,1
0,1.52,1
0,3,1
0,2.47,1
0,3.72,1
0,1.8,1
0,6.71,1
1.25,0,1
0.02,3.23,1
1.56,1.56,1
0,1.4,1
1.03,0,1
0,2.36,1
0,3.31,1
3.37,0.17,1
0.1,1.31,1
0,0.63,1
0,2.59,1
0,2.54,1
0,1.79,1
1.06,3.19,1
0.08,1.61,1
0,3.07,1
0,3.48,1
0.07,3.24,1
0,3.53,1
0.09,3.67,1
0.94,2.82,1
0,1.92,1
0.93,4.67,1
0,3.44,1
1.03,0,1
0.4,3.65,1
0,3.65,1
0,1.55,1
0,2.98,1
0,1.9,1
0.84,2.94,1
0,3.72,1
0,3.71,1
0,1.94,1
0,4.31,1
0.12,4.44,1
0,2.61,1
0,5.26,1
0.03,3.12,1
0.2,3.43,1
0,2.99,1
0,3.81,1
0,2.14,1
0,2.44,1
0.28,2.52,1
0,1.52,1
0,2.22,1
0,2.04,1
0,7.69,1
0,3.33,1
0,2.1,1
0,6.02,1
0,5.85,1
0,1.26,1
1,2,1
0.11,3.08,1
0,6.09,1
0,2.89,1
0.29,2.51,1
0,0.8,1
0,3.05,1
0,1.93,1
0,1.47,1
0,2.63,1
0.3,2.61,1
0.2,5,1
0.09,1.38,1
0,5.52,1
0,2.22,1
0.7,0.7,1
0.08,1.82,1
0.34,2.76,1
0,3.76,1
0,3.81,1
0,0,1
0,0.26,1
0,1.08,1
0.08,3.68,1
0,5.19,1
0,1.14,1
0.09,3.51,1
0,3.84,1
0,0.41,1
0,3.47,1
1.05,3.15,1
0,3.07,1
0.31,3.14,1
0,1.56,1
0,3.16,1
0.47,4.28,1
1.43,3.34,1
0.49,4.45,1
0,1.19,1
0,3.27,1
0,2.85,1
0,3.05,1
0.23,3.3,1
1.21,0,1
0,0.87,1
0,1.49,1
0.56,3.38,1
0,2.4,1
0,0.87,1
0,2.4,1
0,2.29,1
0,1.36,1
0,2.88,1
0.25,2.01,1
1.33,0,1
0,2.37,1
0,1.23,1
0.9,3.63,1
0,1.14,1
1.36,0,1
0.14,2.24,1
0.9,3.63,1
0,1.78,1
0,0,1
0,4.76,1
0,2.81,1
0.55,3.31,1
0.86,0.86,1
0,1.89,1
0,2.24,1
1.33,0,1
0,2.75,1
0,6.52,1
0,1.79,1
0,6.52,1
0,2.94,1
0.07,3.47,1
0,1.88,1
0,2.25,1
0,0.15,1
0.54,4.32,1
0,3.3,1
0,2.05,1
0,1.9,1
0,1.63,1
0,3.17,1
0.44,4.68,1
0,4.11,1
0.05,3.38,1
0.44,4.46,1
0,0.87,1
0,7.14,1
0,10,1
1.36,0,1
0,4.09,1
0,1.32,1
0,3.37,1
0,4.81,1
0.39,4.29,1
0.73,2.94,1
0,4,1
0,0,1
0,3.15,1
0,0,1
0,2.32,1
0.25,3.49,1
0,1.52,1
0,3.22,1
0.22,3.4,1
0,1.91,1
0,1.83,1
0.22,3.4,1
0,2.81,1
0,2.12,1
0,2.18,1
0.08,2.66,1
0,2.35,1
0,4.16,1
0,3.57,1
0,3.12,1
0.39,4.29,1
0,0,1
0,1.61,1
0,0.38,1
0,2.48,1
0,3.15,1
0.24,4.67,1
0,5.71,1
0,4.27,1
0,2.11,1
0,1.85,1
0,1.82,1
0.12,3.06,1
0,2.54,1
0,0.6,1
0,1.52,1
0,0.64,1
0.18,4.92,1
0.42,4.34,1
0.41,4.31,1
0,2.94,1
0,2.12,1
0.07,3.05,1
0,0.6,1
0,2.11,1
0,2.58,1
0,3.44,1
1.21,1.21,1
0,2.12,1
0,2.35,1
0,2.35,1
0.34,0.34,1
0,0.73,1
0,1.16,1
0,0.35,1
0,5.91,1
0,2.11,1
0,2.35,1
0,0,1
0,3.86,1
0,0,1
0,1.93,1
0,3.33,1
0,2.32,1
0.07,3.47,1
0.27,1.37,1
0,4,1
0,4.54,1
0,1.28,1
0,2.63,1
0,1.19,1
0,3.68,1
0,0.12,1
0.12,0.12,1
0.12,0.12,1
0,3.85,1
0.07,3.47,1
0,0,1
0,2.1,1
0,4.07,1
0.29,1.46,1
0,2.87,1
0,3.27,1
0.76,3.05,1
0,2.87,1
0,0.63,1
0,0,1
0.43,1.74,1
0,2.35,1
0,2.12,1
0.06,2.57,1
0.09,0.19,1
0,1.33,1
0.2,5,1
0.45,1.81,1
0,0,1
0,2.26,1
0,1.2,1
0,1.35,1
0.28,3.8,1
0,0.21,1
0.08,2.52,1
0,1.47,1
0,4.26,1
0,2.88,1
0,0,1
0,3.35,1
0.24,2.91,1
0,0.67,1
0,1.85,1
0.23,3.95,1
0,0,1
0,0,1
0,2.4,1
0,0.47,1
0,2.46,1
0,4.12,1
1.36,0.68,1
0,3.78,1
0.08,1.82,1
0.29,2.19,1
0.08,1.82,1
0,1.33,1
0,1.07,1
0,0,1
0,0.56,1
0,6.25,1
0,0,1
0,3.74,1
0,2.5,1
0.11,4.19,1
0,1.11,1
0,0,1
0,4.9,1
0,6.42,1
0,5.24,1
0,2.89,1
0,0,1
0,2.37,1
0.26,1.86,1
0,2.37,1
0.11,4.19,1
0,0,1
0,1.66,1
0,16.66,1
0.26,1.86,1
0,0,1
0,0,1
0,1.32,1
0,3.74,1
0,2.35,1
0,0,1
0,2.4,1
0,3.46,1
0,1.16,1
0.26,1.82,1
0,2.46,1
0,2.42,1
0,1.2,1
0,0,1
0,0,1
0,4.08,1
0,4.08,1
0,3.54,1
0,2.69,1
0,5.79,1
0.28,1.96,1
0,3.09,1
0,0.99,1
0.07,3.16,1
0,1.78,1
0.64,5.8,1
0,0,1
0.65,5.22,1
0,2.23,1
0,1.85,1
0,1.85,1
0.65,5.88,1
0,2.87,1
0,3.81,1
0,5.79,1
0,2.43,1
0,2.29,1
0,2.45,1
0,3.07,1
0,2.12,1
0,4.12,1
0,1.38,1
0,1.96,1
0,0,1
0,0.02,1
0,2.23,1
0,2.73,1
0.4,3.62,1
0,2.66,1
0,2.24,1
0,1,1
0,2.09,1
0,4.49,1
5.55,11.11,1
0.08,2.43,1
0,0.96,1
0,2.01,1
0,3.76,1
0,2.04,1
0,0.74,1
0.08,2.38,1
0,5.43,1
0,1.44,1
0.09,1.38,1
0,3.6,1
0,2.52,1
0,2.56,1
0.21,3.71,1
0,2.58,1
0,3,1
0,3.03,1
0.07,3.47,1
0,7.03,1
0,3.94,1
0,3.03,1
0,3.21,1
0,3.53,1
0,4.31,1
0,4.66,1
0,3.03,1
0,1.81,1
0,7.27,1
0.1,1.31,1
0,4.17,1
0,2.95,1
0,2.63,1
0,8.41,1
0.22,3.86,1
0,2.44,1
0,2.92,1
1.06,0,1
0,3.87,1
1.06,0,1
2.7,2.7,1
0,2.07,1
0,1.79,1
0,3.4,1
0.1,1.31,1
0.33,2.67,1
0,3,1
0,2.76,1
0,2.31,1
0,3.22,1
0.1,2.53,1
0,0,0
0,2.56,0
33.33,0,0
5.12,0,0
0.07,0,0
4.08,2.04,0
0.84,0,0
0,0,0
0,7.31,0
0,4,0
9.33,0.24,0
0.9,3.6,0
0,0,0
3.3,0,0
0,1.85,0
0,0,0
0,0,0
0.8,0.8,0
0,1.51,0
0,2.32,0
2.54,3.18,0
1.16,0.58,0
1.93,0.78,0
1.88,1.88,0
0,2.12,0
8.1,0,0
0,0,0
0,0,0
3.47,0,0
2.89,0,0
0,3.03,0
0.27,3.29,0
0,3.75,0
0.39,3.18,0
0,0.77,0
16.66,0,0
4.22,0,0
3.17,1.58,0
0.21,1.06,0
0,0,0
1.21,1.21,0
0.47,0.94,0
5.12,2.56,0
2.63,1.75,0
3.76,0.26,0
1.83,2.75,0
0,0,0
0,0,0
4,4,0
4.34,8.69,0
0,0,0
0,3.5,0
0,1.56,0
0.68,0.45,0
0.33,1.68,0
0.47,0.24,0
0,1.02,0
0,0.32,0
3,0.2,0
0.23,2.14,0
4.5,0,0
4,4,0
0.96,0.16,0
1.09,0.54,0
5.68,1.51,0
7.14,0,0
0.3,0.3,0
5.55,0,0
1.96,0,0
3.7,0,0
2.22,0.74,0
1.1,0.89,0
2.32,0.38,0
0.69,1.53,0
0,0,0
1.38,0.69,0
0,0,0
0,1.07,0
0,0,0
0.93,2.34,0
0.75,0,0
1.69,1.35,0
0.57,0.14,0
0.29,0.29,0
4.54,1.36,0
1.6,2.4,0
0,0,0
0,0,0
3.52,0,0
0,0,0
1.01,1.01,0
0,2.04,0
2.48,0.14,0
0,0,0
4.34,0,0
0,0,0
0.26,2.6,0
0.31,0.31,0
2.89,1.44,0
3.88,0.32,0
0,0,0
0.2,2.06,0
0,0,0
0.27,2.73,0
0.03,0.09,0
1.34,0.58,0
0,5,0
4.7,0,0
4.62,0.71,0
7.14,0,0
4,0,0
0,2.76,0
0,0,0
0,0,0
1.72,3.44,0
0,1.16,0
1.36,0,0
0,0,0
0,1.77,0
2.31,0.57,0
3.34,0,0
0,0,0
0.25,1.25,0
0.67,0.22,0
0.35,0.71,0
0.51,2.31,0
0,0,0
2.77,1.38,0
0,0,0
0,0.76,0
0,0,0
0,0,0
0,0,0
1.27,3.4,0
0,1.92,0
1.36,1.36,0
0,4,0
0.7,1.4,0
0.57,0.14,0
1.69,0.26,0
0,0,0
0,1.01,0
2.57,0.42,0
3.92,0,0
1.93,0,0
3.33,1.66,0
2.45,0.81,0
5.37,1.07,0
2.57,0.52,0
0,2.56,0
0.19,1.33,0
9.09,0,0
25,0,0
2.43,2.43,0
0,0,0
1.4,0,0
0.44,1.56,0
2,0,0
2.08,0.69,0
0.79,0.52,0
0.44,0.17,0
0.57,2.87,0
0.66,0.19,0
1.14,1.14,0
6.45,3.22,0
4.5,0,0
0.97,1.94,0
0,0,0
0.81,1.62,0
15.38,0,0
0.81,1.08,0
1.12,4.49,0
0,1.09,0
2.38,2.38,0
16.66,0,0
9.83,0.54,0
0,0,0
0,0.42,0
5,0,0
0.87,1.75,0
1.93,0,0
1.02,1.02,0
1.81,0,0
2.5,0,0
2.29,0.76,0
0,2.46,0
0.92,0,0
1.04,1.04,0
2.08,0,0
0,1.02,0
0,0,0
1.39,5.11,0
1.76,0.58,0
0.75,0,0
3.06,0.51,0
0.85,1.7,0
1.58,0.52,0
2.77,1.19,0
1.72,2.58,0
1.75,0,0
0.34,2.06,0
1.46,0.58,0
1.38,1.38,0
0,0.29,0
0.86,0.86,0
2.77,1.11,0
1.49,0,0
1.79,0.44,0
0.3,0.6,0
0,0,0
0.35,1.42,0
0,1.85,0
1.61,1.61,0
0.65,0.65,0
0.36,1.1,0
0.41,0.83,0
0,1.57,0
2.63,0.87,0
16.66,0,0
1.63,0,0
0,0,0
2.22,0,0
3.37,1.4,0
0.5,0,0
2.66,0,0
2.8,2.1,0
2.59,1.03,0
0.45,3.18,0
2.29,1.14,0
1.08,1.08,0
0.1,0.1,0
4.05,0.67,0
0.9,0,0
1.19,1.19,0
0,0.34,0
0.32,0.32,0
1.85,3.7,0
0.76,0.76,0
0,3.84,0
2.22,3.33,0
7.14,0,0
2.22,4.44,0
20,0,0
5.66,0.66,0
2.61,0.4,0
2.08,4.16,0
2.63,1.31,0
1.76,0.88,0
2.59,1.03,0
2.38,1.36,0
0.47,0,0
0,4.54,0
0,0,0
2.8,0,0
0.47,0,0
0,4.16,0
2.27,2.27,0
0,0,0
0.66,2,0
2.04,0,0
5.86,0.68,0
0,1.92,0
0,3.84,0
2.38,2.38,0
1.38,0,0
0,0,0
0,0,0
1.89,0.94,0
1.05,4.21,0
1.79,0.59,0
0.27,1.36,0
0.8,0.8,0
1.69,1.69,0
9.62,0,0
4.2,0.93,0
1.06,1.41,0
0,2.94,0
0.68,5.47,0
0.59,1.77,0
0,2.79,0
0,0,0
1.81,7.27,0
3,0.83,0
1.99,2.65,0
0.08,0,0
0,0.6,0
0.85,1.7,0
16.66,0,0
0.23,0.92,0
2.68,0.16,0
1.62,1.62,0
0,0,0
16.66,0,0
3.84,0,0
3.84,0,0
0,0,0
0,0,0
0.46,0.69,0
20,0,0
16.66,0,0
1.16,1.16,0
0.16,0.08,0
0.68,0.38,0
3.48,0.09,0
0.83,0.31,0
0.49,0.99,0
0.59,0.59,0
1.84,1.38,0
2.03,1.35,0
0.33,2.8,0
4.76,0,0
2.13,1.06,0
20,0,0
0,0.39,0
0.95,1.62,0
1.05,0,0
1.72,0,0
0.78,1.56,0
0.3,1.82,0
0,0.81,0
0.92,1.99,0
0,1.69,0
1.29,1.29,0
1.01,0,0
0,3.07,0
3.12,1.04,0
0,0,0
3.57,0,0
0.09,0,0
0.32,0,0
2.54,0,0
1.66,0,0
0,0,0
0,0,0
0.78,1.56,0
25,0,0
0.94,1.42,0
3.7,1.85,0
0,4.76,0
5.71,0,0
2.22,0,0
1.37,0.91,0
3.92,0,0
11.11,0,0
10.86,0,0
8.69,0,0
2.68,0.8,0
0,3.84,0
2.79,0,0
0.41,0,0
0.95,0.63,0
4.3,0.14,0
1.45,4.37,0
0.32,2.63,0
1.81,0.9,0
0,0,0
2.7,2.7,0
0.3,0.05,0
3.63,1.21,0
4.47,1.49,0
1.83,1.83,0
1.71,0.57,0
0.67,0.67,0
0,0,0
1.9,0.88,0
0.49,0.74,0
1.03,0.51,0
0,0,0
0,6.5,0
0,0,0
0.29,0.29,0
0,0,0
0.01,0.13,0
1.19,2.38,0
33.33,0,0
0,3.14,0
0.44,0.29,0
0,0,0
0,0,0
0,1.72,0
0,0,0
1.72,0.57,0
0,0,0
0.99,2.97,0
1.63,0,0
8.33,0,0
1.45,2.18,0
1.17,2.35,0
1.47,3.67,0
0.7,1.41,0
0,2.5,0
2.61,2.09,0
2.66,0.66,0
2.59,2.59,0
0,0,0
0.67,0,0
16.66,0,0
25,0,0
13.93,0.4,0
4.02,2.01,0
0.37,2.63,0
0.57,1.73,0
0,0,0
7.69,0,0
6.66,0,0
3.96,0,0
0.27,0.81,0
12.5,0,0
2.88,0.96,0
0,0,0
2.32,0,0
0.43,1.08,0
0.93,2.8,0
0.42,4.25,0
3.45,0.11,0
1.35,6.75,0
5.57,2.39,0
0.46,1.69,0
7.6,1.08,0
3.7,1.23,0
0,1.2,0
1.17,2.35,0
4.16,4.16,0
0,1.85,0
0,0,0
0,0,0
3.17,0,0
2,0,0
0.96,0,0
0,2.04,0
3.79,0,0
0,0.42,0
0,1.88,0
0,0,0
0,0,0
0,8.33,0
2.77,1.38,0
0,2.5,0
2.74,0.29,0
1.12,1.57,0
2,0,0
0,0,0
1.57,1.77,0
0,0,0
0.45,2.28,0
0.76,1.52,0
0.22,2.88,0
0.29,0,0
0.74,0.92,0
0.52,1.15,0
3.73,0.93,0
4.08,0,0
1.19,0,0
0,2.56,0
1.78,0,0
1.66,0,0
0.19,0,0
8.33,0,0
2,0,0
2,0,0
0,0,0
1.19,0,0
11.11,0,0
0.55,1.65,0
3.51,0.58,0
0,8,0
0.79,1.58,0
0,3.33,0
0.99,0.33,0
0,0,0
1.72,0.49,0
8.08,0,0
1.56,0.62,0
3.03,3.03,0
0.74,0.49,0
0.69,0.69,0
1.56,0,0
2.87,0.31,0
0.81,0.48,0
0,0.25,0
0,6.66,0
0.06,0.25,0
1.3,0,0
25,0,0
1.03,3.09,0
1.86,0.65,0
2.46,1.23,0
0.57,0.57,0
0,2.17,0
4.16,0,0
0.74,1.48,0
0.48,2.88,0
0.48,2.88,0
0,5.35,0
0,5.55,0
3.34,0.95,0
0.86,1.29,0
2.51,0.37,0
5.52,0.61,0
1.29,2.59,0
4.98,0.66,0
0.53,1.6,0
2.96,1.48,0
0.04,0.09,0
0,0,0
0,0.82,0
0.18,1.49,0
0,0.57,0
0.37,1.51,0
0.4,0.1,0
0,1.38,0
0.25,2.3,0
0.67,1.35,0
0,0.7,0
9.09,0,0
0.74,1.48,0
0.74,0.49,0
0.57,0.32,0
1.2,0,0
0.69,0.25,0
3.48,0.49,0
3.48,0.49,0
4.76,0,0
0.31,1.24,0
1.11,0,0
0,1.61,0
0,1.38,0
0,0,0
0.73,1.47,0
3.05,0,0
7.4,3.7,0
1.75,1.75,0
0,0.15,0
7.14,0,0
1.13,2.27,0
1.47,1.47,0
0,4.83,0
1.31,5.26,0
0.72,0,0
1.76,1.32,0
0,1.75,0
0.47,0,0
0,4.34,0
16.66,0,0
0,1.8,0
2.77,4.16,0
0.96,1.93,0
0.66,0.44,0
0.54,1.62,0
2.22,0,0
0.18,0,0
0,4.34,0
0,0,0
0,4.16,0
0,1.43,0
1.55,1.55,0
0,3.07,0
0.29,2.64,0
0,1.72,0
14.28,0,0
1.85,0,0
0.26,0,0
0,0,0
3.29,0,0
0,0,0
3.41,0,0
3.54,0.17,0
2.25,0,0
2.56,2.56,0
2.02,2.02,0
1.06,4.25,0
1.09,2.18,0
2.19,2.19,0
8.33,4.16,0
1.12,1.12,0
0,0,0
1.88,3.77,0
1.29,3.24,0
3.14,0.78,0
2.05,1.62,0
2.26,1.74,0
1.94,0.97,0
0,1.36,0
3.7,0,0
2.23,0,0
20,0,0
0.96,1.92,0
1.35,1.35,0
1.28,1.28,0
0,1.03,0
0,0.72,0
4.13,0.82,0
0.69,0.34,0
0,1.78,0
1.78,1.78,0
0.9,0.9,0
5.34,0,0
3.22,6.45,0
0.97,2.91,0
0.92,0.46,0
0,1.63,0
3.03,0.14,0
0,5,0
3.96,0,0
1.49,4.47,0
1.88,0.26,0
0.93,0,0
1.76,0.58,0
1.88,2.83,0
0.72,0.48,0
0.54,0.21,0
0,0,0
1.87,1.87,0
2.2,0,0
1.37,2.06,0
2.24,1.12,0
8.69,4.34,0
0,0,0
1.14,4.02,0
0.24,1.23,0
0,0,0
0.49,1.47,0
0,0.68,0
0,1.94,0
0.66,2.66,0
0,2.38,0
1.04,5.2,0
20,0,0
2.56,1.28,0
1.69,2.54,0
1.51,1.51,0
0.48,4.39,0
0.76,0.51,0
0.59,0.33,0
0,3.57,0
1.24,0.86,0
3.75,1.5,0
3.5,0.1,0
3.06,1.22,0
0,1.56,0
4,1.33,0
0,0,0
3.6,0.51,0
1.78,0.89,0
0.78,0.78,0
6.49,1.29,0
3.5,1.75,0
2.73,2.73,0
0,2.63,0
0.7,1.4,0
0.75,0.75,0
0.83,3.96,0
0.32,0,0
5.88,3.92,0
7.31,4.87,0
8.88,4.44,0
0.98,0,0
5.88,2.94,0
9.09,9.09,0
7.69,7.69,0
5.55,5.55,0
7.69,7.69,0
1.4,0,0
7.69,7.69,0
2.56,0,0
0.64,0,0
1.26,2.53,0
0.51,1.02,0
12.5,0,0
3.84,0.76,0
0,8,0
3.51,0.58,0
0,8,0
0.79,1.58,0
0,3.33,0
0.99,0.33,0
0,0,0
0,6.66,0
2.38,1.36,0
0,4.54,0
0,0,0
2.8,0,0
0,4.16,0
0.53,4.27,0
2.79,0.13,0
4,0,0
2.46,1.23,0
0,3.7,0
0.88,1.94,0
3.33,3.33,0
2.06,0.1,0
3.33,0,0
1.53,1.19,0
0.88,1.32,0
4.76,9.52,0
0.49,0.99,0
0,1.78,0
0,9.09,0
0.86,6.95,0
0.25,0.51,0
0,0,0
3.12,3.12,0
1.61,3.22,0
2.64,4.63,0
3.87,2.32,0
0.5,0,0
16.66,0,0
0.54,0,0
16.66,0,0
0.68,0.34,0
0.72,0,0
1.56,1.04,0
0,5.6,0
1.36,5.47,0
20,0,0
5.4,0,0
2.63,2.63,0
1.7,3.41,0
0,4.76,0
0,1.3,0
3.57,0,0
1.5,2.25,0
1.96,1.96,0
0.29,0.87,0
1.51,0,0
0.71,0.95,0
0.39,3.12,0
1.17,2.35,0
15.38,0,0
2.11,1.05,0
4.76,0,0
0.85,1.98,0
0.32,3.04,0
1.49,2.98,0
0.65,0,0
0.58,2.9,0
0,2.24,0
0,0,0
20.83,0,0
1.31,3.5,0
2.29,2.29,0
1.58,1.58,0
0.64,2.56,0
0.61,3.08,0
25,0,0
1.13,3.97,0
0,0,0
0,0,0
6.89,0,0
6.15,0,0
1.56,0,0
0,0,0
0,0,0
0,5.82,0
1.19,1.19,0
20,0,0
1.02,1.36,0
4.76,0,0
3.57,0,0
1.33,0,0
1.84,3.69,0
9.52,0,0
0,0,0
0,3.22,0
0,0,0
0.64,0.32,0
1.29,1.17,0
0,8,0
0,0,0
0.98,0,0
0,0.73,0
0.91,2.28,0
1.09,0,0
0,1.02,0
0.61,1.84,0
2.75,1.83,0
1.83,0.91,0
6.25,0.36,0
16.66,0,0
20,0,0
1.41,0,0
1.44,0.72,0
1.62,0.81,0
1.36,0,0
0.85,2.56,0
2.45,1.84,0
0.35,0.35,0
0,0.54,0
2.22,2.22,0
1.81,0,0
1.36,2.04,0
0,6.25,0
0,0,0
0.9,0,0
1.41,1.06,0
0,0,0
1.01,0.5,0
0,0.33,0
0.56,1.12,0
3.03,0.56,0
1.61,5.26,0
3.84,0,0
0,1.9,0
4.7,1.17,0
1.36,0.22,0
3.49,0,0
0.22,0.68,0
0,0,0
13.33,0,0
0.81,1.63,0
2.35,0,0
4.34,0,0
0.67,1.34,0
0.55,1.65,0
1.35,2.7,0
0,1.56,0
0,0,0
9.52,0,0
4.89,1.63,0
0,2.63,0
0.2,0.2,0
3.56,1.33,0
1.33,2.66,0
25,0,0
1.25,1.25,0
2.01,0.71,0
3.1,0.62,0
0.49,0.89,0
0.49,0.89,0
0.49,0.89,0
0,3.75,0
0,4,0
1.68,4.2,0
1.83,0.91,0
0,4.34,0
5.21,0,0
4.41,0,0
3.23,0.26,0
0,3.29,0
2.89,0,0
0,0,0
1.82,0.42,0
7.69,0,0
2.12,6.38,0
2.72,1.36,0
2.35,0.39,0
2.15,0.46,0
2.72,0.68,0
3.2,1.92,0
1.6,0.2,0
0,1.75,0
2.24,0,0
6.92,0.43,0
0.68,0.21,0
0.81,0.29,0
1.58,0.6,0
0,0,0
3.12,0.42,0
0,2.04,0
0,0,0
5.55,2.77,0
4.28,4.28,0
0,0,0
3.47,0.4,0
1.14,0.76,0
0,0.24,0
0,0,0
0,0,0
3.47,0.4,0
0,0.79,0
1.19,0,0
1.31,0.49,0
0.31,0.31,0
0.67,4.05,0
9.3,0,0
0,1.63,0
0,3.44,0
7.61,0.66,0
0,1.4,0
0.53,0.53,0
3.57,10.71,0
0.51,1.55,0
16.66,8.33,0
9.52,0,0
0.42,0,0
7.14,7.14,0
3.92,1.96,0
3.19,1.06,0
1.06,0,0
0,0.64,0
0.95,1.91,0
7.69,0,0
0,0.76,0
2.77,1.38,0
1.85,3.7,0
0.29,3.58,0
1.13,0,0
0,0,0
3.11,0,0
1.36,2.05,0
0.59,0.74,0
0.46,0.03,0
0.55,0,0
0,0,0
1.41,3.54,0
1.92,3.84,0
0,0,0
9.09,9.09,0
1.49,0,0
0,0,0
2.18,1.45,0
1.63,0,0
0,2.97,0
0.52,0.52,0
2.7,8.1,0
2.7,8.1,0
2.7,8.1,0
2.7,8.1,0
2.3,0.76,0
2.7,8.1,0
2.49,0.41,0
0.9,1.3,0
1.98,0.99,0
0.7,1.4,0
1.78,0.59,0
1.34,1.07,0
1.02,2.04,0
1.65,1.24,0
33.33,0,0
0,0,0
0.39,0,0
1.58,1.58,0
0,0,0
1.63,3.27,0
2.86,1.22,0
3.33,0,0
0,1.21,0
2.32,1.16,0
0,0,0
0,0,0
0.49,0.99,0
1,1.5,0
0,2.91,0
1.12,1.12,0
4.48,1.28,0
2.01,1.5,0
2.17,0,0
4.76,1.19,0
1.47,2.46,0
1.56,1.56,0
4.76,4.76,0
0.55,0.33,0
2.32,0,0
0,0,0
0.69,0.21,0
0,0,0
1.36,1.36,0
1.69,2.37,0
0.38,1.14,0
0,0,0
3.44,3.44,0
1.9,0,0
0.84,1.68,0
1.7,2.12,0
1.05,0.26,0
7.14,0,0
1.92,0,0
0,0.67,0
0,0,0
0,0,0
0,2.32,0
15.38,0,0
0,0,0
0,0,0
1.63,0,0
1.13,3.4,0
0.87,0,0
5.26,5.26,0
0,4.34,0
2.5,2.5,0
0,2.43,0
2,1.33,0
0,0,0
0,0,0
2.17,4.34,0
0,1.69,0
0,0,0
0,0,0
1.97,3.28,0
0,8,0
0.83,0,0
25,0,0
0,0,0
1.61,1.61,0
0,0,0
0.42,0,0
0,1.18,0
1.35,3.37,0
0,0,0
25,0,0
25,0,0
25,0,0
0.87,0.87,0
2.97,0,0
1.74,0.87,0
0,0,0
0.72,0,0
1.39,0.59,0
3.03,2.02,0
0.86,0.57,0
0,1.05,0
3.22,4.83,0
1.16,0,0
0,2.32,0
0,6.81,0
2.2,3.31,0
0,3.48,0
1.47,0.84,0
2.5,5,0
3.17,3.17,0
2.63,1.31,0
0.7,1.4,0
1.3,0.65,0
0,2.17,0
0.99,0,0
0.53,3.76,0
1.42,5,0
2.88,3.84,0
0,1.13,0
3.48,0,0
1.58,0,0
0.7,0,0
0,0,0
3.03,0,0
7.14,0,0
8.69,0,0
0,2.32,0
1.05,1.05,0
0,0.66,0
0.49,0.12,0
2.77,0,0
2.32,0,0
3.63,0,0
0,1.98,0
0.27,0.27,0
1.17,0,0
1.12,2.82,0
0,1.4,0
1.18,0,0
0.78,1.56,0
0.76,1.53,0
4.16,0,0
6.08,1.73,0
2.85,2.85,0
5,0,0
1.65,1.65,0
0.63,0.31,0
0.53,0.11,0
2.18,0,0
1.44,0.13,0
1.2,0.24,0
3.15,1.05,0
1.61,0,0
0.8,0.53,0
0.05,0.35,0
2.02,0,0
0,3.33,0
0,4.76,0
3.22,2.15,0
1.47,1.47,0
0,1.51,0
0,4.54,0
6.66,0,0
11.11,0,0
11.11,0,0
0,0,0
1.72,2.58,0
2.99,0,0
4.08,0,0
2.46,1.23,0
0,2.94,0
8,0.66,0
0.81,1.62,0
1.37,0.68,0
0,2.89,0
1.03,2.06,0
1.87,1.87,0
1.42,1.89,0
3.06,0.18,0
0,0,0
0.84,1.69,0
6.25,18.75,0
0.55,2.23,0
2.08,1.04,0
4.54,0,0
0,3.57,0
0.5,1.25,0
0,5.88,0
1.53,1.23,0
0,0.28,0
2.64,0.52,0
0,0,0
6.25,3.12,0
0.58,0.58,0
0,3.85,0
0.38,6.17,0
0,2.02,0
0,0.29,0
0.41,0,0
0.94,0,0
1.4,0,0
1.76,0.88,0
0,0,0
6.06,0.57,0
0,9.09,0
0.9,4.5,0
2.09,0.13,0
5.12,0,0
1.21,1.21,0
0.43,4.34,0
1.2,0,0
0,0,0
4.34,0,0
1.17,2.35,0
0.66,0.37,0
0.68,0.45,0
0.86,0.26,0
0.7,0.2,0
1.21,0,0
0,5.26,0
0,1.78,0
1.76,0.88,0
0.75,1.12,0
2.07,0,0
3.57,0,0
1.69,0.72,0
2.38,2.38,0
5,0,0
13.04,0,0
0.21,1.49,0
13.04,0,0
4.42,0.15,0
2.12,0,0
0.08,0,0
0,0,0
0.74,0.99,0
3.12,3.12,0
0,0,0
0.28,0.28,0
4.7,0,0
0,1.28,0
1.16,1.16,0
0,0,0
0,0,0
0.86,2.6,0
1.69,0.72,0
0.31,0,0
3.57,1.19,0
2.15,2.87,0
2.63,0,0
3.82,0.31,0
5.26,2.63,0
0,5.55,0
0,0,0
0.62,1.25,0
1.27,1.27,0
0,2.32,0
0.75,4.02,0
1.61,1.61,0
3.73,1.86,0
0,1.96,0
1.19,1.19,0
2.53,0,0
1.84,0.71,0
0,2.85,0
3.03,1.21,0
0.04,0.09,0
1.87,0.62,0
10.76,1.53,0
1.81,0.36,0
0.69,3.79,0
0.39,0.79,0
1.53,0,0
7.53,0,0
1.7,1.28,0
0,1,0
0.13,0.13,0
0.62,0.62,0
0,2.22,0
0,0,0
0,0.15,0
1.25,3.33,0
0,8,0
4,4,0
0.52,0.21,0
3.64,0.13,0
0.76,0.3,0
0.71,0.23,0
0.58,0.09,0
0.19,0,0
0,3.22,0
3.3,0,0
3.16,0.63,0
4.16,0,0
15.38,0,0
0.4,3.62,0
3.44,0,0
3.44,0,0
1.25,0.83,0
2.38,2.97,0
3.2,0,0
1.12,3.37,0
0.37,2.61,0
1.52,0.76,0
2.4,3.2,0
1.12,1.12,0
0,0,0
0,0,0
2.11,0,0
0,8.69,0
0,2.04,0
4.54,0,0
0.77,2.32,0
0,3.22,0
0,3.84,0
0,0.79,0
1.36,0,0
7.14,14.28,0
0.2,2.81,0
0,0.31,0
1.07,0.53,0
1.92,1.44,0
5.4,0,0
0,0.63,0
3.84,0,0
0,1.81,0
0,0,0
0.72,0,0
0,1.84,0
0.28,0.28,0
2.12,0,0
0.17,0,0
2.73,6.84,0
0.54,0,0
3.12,0,0
0,0,0
3.91,1.67,0
0,0,0
0,0,0
3.2,0.53,0
2.26,0,0
0.7,1.4,0
0.71,1.79,0
1.4,2.81,0
1.19,1.19,0
1.49,8.95,0
0.44,0.02,0
3.26,2.44,0
2.2,1.1,0
3.7,0,0
1.92,1.28,0
0,7.31,0
0.74,0.37,0
1.86,2.23,0
0,1.19,0
0,0,0
0,0,0
0,0,0
2.06,2.06,0
0,0,0
0,0,0
1.14,2.29,0
0,2.32,0
2.63,2.63,0
1.02,0,0
1.8,3.01,0
2,1,0
1.99,0.78,0
2.5,5,0
4.47,1.49,0
0,0,0
1.33,1.33,0
1.63,3.27,0
2.43,1.62,0
1.4,3.52,0
10.52,5.26,0
1.85,0.61,0
0,0,0
0,0,0
1.07,1.07,0
0,0,0
0,0,0
0.25,2.51,0
0,0,0
0,0,0
0.34,3.42,0
1.25,1.25,0
2.56,2.56,0
1.85,0,0
1.45,4.37,0
0.9,1.44,0
1.47,2.94,0
2.43,0.37,0
0,0.24,0
0,0,0
1.78,0,0
0,0,0
0,0,0
0,0,0
0,0,0
0,0,0
0,0,0
0,0,0
0,0,0
0,0,0
0,0,0
0,0,0
0,0,0
0,0,0
0,0,0
0,0,0
0,0,0
0,0,0
25,0,0
0,0,0
0,0,0
0,0,0
0,0,0
0,0,0
0,0,0
0,0,0
0,0,0
0,0,0
0,0,0
0,0,0
2.5,7.5,0
25,0,0
0.47,1.19,0
7.69,0,0
0.9,0.12,0
8.33,0,0
1.13,0.28,0
0,0,0
0,0.24,0
2.04,2.04,0
10,0,0
0.9,1.03,0
0.97,0.97,0
2.22,1.33,0
0.86,0.86,0
0.32,0.97,0
0.13,1.06,0
0,9.09,0
16.66,0,0
16.66,0,0
14.28,0,0
20,0,0
1.51,0.91,0
0,0,0
0,0,0
9.09,0,0
0,0,0
14.28,0,0
0.63,2.54,0
18.18,0,0
10,10,0
0.17,1.41,0
5.88,2.94,0
16.66,0,0
0,0,0
0,0,0
0,0,0
0,0.05,0
0,0,0
2.27,1.13,0
3.44,0,0
1.58,3.17,0
0,3.03,0
0,0,0
1.57,0.17,0
1.04,1.24,0
0,3.57,0
0.58,0.58,0
1.08,0.54,0
0,2.04,0
3.03,0,0
0,0,0
0.26,0,0
0.26,0,0
0.55,0.55,0
2.56,1.28,0
1.75,0.29,0
1.2,2.4,0
0.16,2.08,0
1.76,0.88,0
0.52,2.46,0
0.68,0.39,0
0.49,0.27,0
1.02,0.28,0
0.67,0.22,0
1.16,0,0
0.7,2.81,0
0,5.55,0
0.72,0,0
1.93,1.1,0
1.69,3.38,0
0.87,0.87,0
0.97,0,0
0.42,0,0
4.16,0,0
4.41,0,0
0,1.55,0
0,8,0
1.14,0.28,0
7.46,1.49,0
20,0,0
0,0,0
25,0,0
0,1.61,0
1.12,2.24,0
0,0,0
20,0,0
0,0,0
0.74,0,0
1.2,2.4,0
0,0,0
0.97,0,0
2.12,2.12,0
0,1.96,0
0,0,0
0,0,0
0.83,0,0
9.52,0,0
20,20,0
1.36,1.7,0
3.14,1.57,0
0,0,0
5.88,0,0
1.91,0.95,0
0.56,0.18,0
0,0,0
1.94,0.97,0
2.31,1.85,0
1.3,0.65,0
1.62,1.62,0
0.7,1.4,0
0.61,0,0
0.39,0.78,0
0,0,0
1.99,0.07,0
0.22,0,0
0.33,0.33,0
2.48,0.49,0
1.7,1.28,0
0.77,1.54,0
1.52,2.53,0
2.67,1.78,0
0,4.91,0
0,0,0
9.52,0,0
0,0,0
4.91,0,0
0,2.22,0
0,2.22,0
0,0.33,0
1.06,1.06,0
1.32,0.88,0
1.54,1.03,0
3.19,0.91,0
0.85,0.21,0
0.35,0.7,0
0.23,0.69,0
0.47,0.47,0
2.63,6.57,0
0.67,0.22,0
0,0,0
0,0.8,0
0,0,0
0.62,0.41,0
0.78,0.44,0
2.51,0,0
0.49,0.1,0
2.12,0,0
1.88,1.88,0
0,0,0
0,0,0
0.39,1.05,0
14.28,0,0
2.94,2.94,0
1.69,2.18,0
6.06,0,0
0.95,1.26,0
2,0,0
0,0,0
0,2.94,0
0,2.5,0
0,1.42,0
0,1,0
0,0,0
0,5.26,0
0,4,0
0,0,0
0.8,2.41,0
6.64,0.27,0
0,0,0
1.43,0.43,0
6.79,0,0
1.35,0,0
0,0,0
1.19,2.38,0
1.81,1.81,0
0.45,0.9,0
1.61,0.53,0
0.48,0.96,0
1.93,0.24,0
1.97,0,0
2.42,0,0
2.56,0,0
2.73,0,0
1.25,6.25,0
2.79,0.26,0
0,0,0
0,0,0
1.85,3.7,0
0,0,0
0.53,0.71,0
1.11,1.94,0
1.93,0,0
2.04,0.69,0
1.92,1.28,0
0,0,0
1.94,0.97,0
1.72,1.72,0
0,0,0
0,0,0
0,0,0
0,0,0
0,0,0
4.16,4.16,0
3.53,0,0
0,2.38,0
0,1.68,0
1.68,4.2,0
1.38,0.65,0
1.66,1.66,0
1.78,1.78,0
0.86,0.86,0
0,0,0
2.85,0,0
0.9,4.5,0
9.52,0,0
0,0,0
2.53,2.03,0
1.2,4.81,0
2.06,3.09,0
1.2,1.2,0
3.47,0,0
4.76,0,0
1.66,0,0
0.23,2.87,0
4.16,0,0
0.79,0.45,0
0.69,0.46,0
20,0,0
0,6.66,0
0,3.7,0
0,2.97,0
0.97,0.35,0
0.72,0.3,0
0.85,0.34,0
1.16,0,0
3.11,0.23,0
0,0,0
2.08,0,0
2.98,1.49,0
0,0,0
0,1.26,0
5.55,0,0
0,0.39,0
2.15,1.88,0
1.09,0.72,0
1.02,1.36,0
6.03,0.86,0
0,0,0
0,0,0
2.46,1.23,0
3.33,0,0
0.7,1.41,0
0,0.22,0
1.23,3.7,0
3.33,0,0
0,0,0
1.54,1.54,0
0,0,0
1.75,1.75,0
13.04,0,0
3.7,0,0
0,0,0
1.05,1.05,0
0,0,0
0.67,0.67,0
0,0,0
0,0,0
0.49,0.49,0
0.64,0.32,0
0,0,0
0,0,0
2.7,0,0
1.96,0,0
0,0,0
5.12,0,0
2.57,2.31,0
6.56,1.45,0
1.58,0.9,0
0,0,0
0,0.34,0
0.29,1.49,0
0,0,0
0.62,3.1,0
0,0,0
3.95,1.43,0
2.06,0,0
0,5.66,0
3.04,0.12,0
0,8,0
2.56,0,0
0.9,0.9,0
0.58,3.5,0
0.2,1.45,0
1.16,1.16,0
0,0,0
0.47,0.47,0
5,0,0
0,0,0
1.38,1.38,0
0,4.8,0
0,0,0
0,2.81,0
2.32,2.11,0
0,4.08,0
1.22,1.22,0
0,0,0
0.37,3.75,0
3.44,0,0
0,2.7,0
2.02,0,0
0,9.52,0
5.55,0,0
0,0,0
3.5,0,0
2.54,0.13,0
2.04,2.04,0
0,0,0
1.83,0.52,0
0.52,1.18,0
3.63,0,0
0,0,0
3.52,3.52,0
0,0,0
1.6,2.4,0
6.25,6.25,0
11.11,0,0
25,0,0
1.76,0,0
5.55,0,0
2.12,4.25,0
3.03,3.03,0
0,0,0
0,0.97,0
2.83,1.88,0
1.26,2.53,0
0.68,0.45,0
0,0,0
2.33,2.33,0
0,0,0
0,0.88,0
2.54,0.63,0
7.69,0,0
20,0,0
12.5,0,0
2.71,0.54,0
2.38,2.38,0
0,0,0
1.92,0,0
2.63,1.31,0
0.64,0.32,0
0,1.96,0
0,1.96,0
2.4,1.2,0
2.22,1.11,0
0.28,0,0
1.98,1.32,0
0.69,2.24,0
0.87,0.1,0
2.66,0,0
2.31,1.73,0
0.6,0.6,0
0.7,1.4,0
2.65,0.24,0
0.23,0.69,0
0.68,2.06,0
0.58,2.51,0
0.31,0.63,0
0.31,0.63,0
2.13,0.85,0
0.74,0.99,0
0,0.47,0
3.03,3.03,0
1.25,0,0
20,0,0
25,0,0
1.58,0.19,0
0.88,2.65,0
1.46,1.04,0
0.37,1.22,0
0.68,1.37,0
0,5.88,0
0,0,0
4,0,0
0,0,0
0.9,3.6,0
20,0,0
2.35,2.35,0
3.84,0,0
3.7,1.85,0
0,0,0
0.85,0,0
1.27,0,0
1.81,0,0
0,1.35,0
0.61,0.4,0
0.1,0.25,0
1.66,3.33,0
2.03,0,0
0,3.84,0
2.97,1.98,0
0.99,0.22,0
0.21,0,0
0,3.63,0
2.32,1.74,0
0,0,0
1.4,4.22,0
1.66,0,0
2.56,2.56,0
0,2.96,0
0.19,0.38,0
1.06,4.25,0
0.68,0.68,0
8,0,0
8.33,0,0
7.2,0,0
3.22,0,0
0,1.84,0
1.21,2.43,0
0,8,0
1.21,1.21,0
1.5,0,0
6.52,2.17,0
2.06,0.25,0
2.63,1.31,0
0.38,0.38,0
0,0,0
0,1.69,0
9.09,0,0
0,0,0
20,0,0
2.12,6.38,0
14.28,0,0
0,0,0
20,0,0
20,0,0
20,0,0
0,0,0
20,0,0
0.49,0,0
20,0,0
20,0,0
14.28,0,0
20,0,0
20,0,0
0,0,0
0,0,0
20,0,0
20,0,0
20,0,0
20,0,0
20,0,0
0,0,0
0,0,0
20,0,0
20,0,0
0,0,0
0,0,0
0,0,0
0,0,0
20,0,0
20,0,0
0,0,0
20,0,0
20,0,0
9.09,0,0
0,0,0
20,0,0
0,0,0
0,0,0
20,0,0
0,0,0
20,0,0
20,0,0
20,0,0
20,0,0
0,0,0
20,0,0
20,0,0
20,0,0
20,0,0
20,0,0
20,0,0
20,0,0
0,0,0
20,0,0
0,0,0
0,0,0
0,0,0
16.66,0,0
16.66,0,0
0,0,0
20,0,0
20,0,0
20,0,0
20,0,0
20,0,0
20,0,0
20,0,0
20,0,0
20,0,0
20,0,0
20,0,0
20,0,0
20,0,0
20,0,0
20,0,0
20,0,0
20,0,0
20,0,0
20,0,0
11.11,0,0
20,0,0
20,0,0
20,0,0
20,0,0
20,0,0
0,0,0
0,0,0
0,0,0
20,0,0
20,0,0
20,0,0
20,0,0
14.28,0,0
16.66,0,0
7.69,0,0
20,0,0
0,0,0
0,0.44,0
0,0,0
0,0,0
0,0,0
0,0,0
0,0,0
0,0,0
0,0,0
0,0,0
0,0,0
0,0,0
0,0,0
0,0,0
2.63,0,0
0,1.07,0
1.8,1.8,0
12.88,0,0
0,2.02,0
0.3,0.3,0
2.17,2.17,0
0.61,0,0
4.51,0,0
1.06,1.06,0
0,0,0
5.16,0.14,0
1.92,0,0
0,0,0
0,0,0
1.35,1.35,0
0.69,0.46,0
0.71,0.35,0
0.74,0.29,0
4,0,0
0.75,1.51,0
0.41,2.91,0
2.54,0.13,0
2.32,2.32,0
1.16,1.16,0
5.45,2.6,0
0.22,0,0
4.58,2.86,0
0.83,1.67,0
0.01,0.33,0
0,0,0
3.57,3.57,0
0.33,0.33,0
2.77,5.55,0
1.63,1.63,0
0,0.52,0
0,0,0
0,11.11,0
0,0,0
0.94,1.89,0
1.26,2.53,0
1.28,1.28,0
5.55,1.01,0
0.44,0.44,0
0.34,0.68,0
0.34,0.68,0
2.7,0.9,0
1.98,0,0
0,0.23,0
3.44,0,0
3.17,0.1,0
1.61,0.53,0
0,0.41,0
0.43,2.19,0
0.23,0.69,0
10,0,0
1.02,1.02,0
0.75,2.25,0
25,0,0
2.69,1.54,0
4.9,0.65,0
2.06,0.25,0
0.44,0,0
1.33,2.22,0
0,0.33,0
0,0,0
1.1,1.1,0
0.87,1.45,0
2.56,2.56,0
2.22,0,0
0,0,0
1.11,2.22,0
5.26,0,0
0,0,0
0,1.81,0
0,8,0
0,0,0
0,0,0
4.22,1.4,0
1.23,3.7,0
0,1.49,0
3.97,1.32,0
1.15,0.23,0
1.23,1.23,0
0,5.6,0
1.83,0,0
2.93,1.01,0
1.11,1.11,0
0,0,0
2.23,0,0
0.83,1.39,0
4.34,0,0
1.06,1.06,0
0,3.44,0
0.8,0.8,0
1.1,1.65,0
1.16,1.16,0
0,1.85,0
0,8.33,0
1.04,0.17,0
1.61,1.61,0
0,2.04,0
0,0,0
2.4,0,0
1.7,0.28,0
0,6,0
1.88,1.88,0
1,0.5,0
0,1.43,0
0,0,0
2.57,0,0
0,4.76,0
1.52,3.04,0
0,0,0
1.31,3.94,0
2.27,2.27,0
0,0,0
3.03,3.03,0
3.26,0.65,0
0.75,0.37,0
0.66,0,0
0,0,0
3.03,0.6,0
0.92,0.92,0
0,0,0
0,0,0
0.83,0,0
4.27,0.85,0
0.67,1.34,0
0.5,0.25,0
8,1.33,0
1.49,0.93,0
0,3.22,0
2.75,0.2,0
1.36,0,0
4.44,0,0
0.52,1.04,0
0,2.7,0
2.94,2.94,0
1.4,0.84,0
1.66,0,0
2.6,4.34,0
0.32,0.32,0
0.78,0.78,0
0,6.25,0
0,1.42,0
1.65,0.82,0
0,2.43,0
1.96,3.92,0
1.83,1.04,0
1.57,0.62,0
0.63,0.31,0
0,0.11,0
0.71,0.71,0
15.38,0,0
0,0,0
3.14,0.1,0
0.7,1.4,0
0,1.16,0
3.63,1.81,0
1.25,1.88,0
1.63,0,0
0.8,0.8,0
3.02,0.1,0
6.89,1.72,0
4.65,0,0
0.78,1.57,0
0,1.28,0
0.61,0,0
1.13,0.16,0
1.12,0,0
1.19,2.59,0
2.63,1.75,0
1.82,1.21,0
1.65,1.65,0
6.38,0,0
0.73,2.2,0
0,2.63,0
7.69,0,0
0,2.94,0
1.16,0,0
0.47,0.95,0
1.75,3.5,0
3.44,0,0
4.08,0.81,0
2.65,1.76,0
0.83,0,0
2.07,0.51,0
1.52,0,0
4.65,0,0
3.5,1.75,0
5.14,0.28,0
0.91,5.5,0
3.33,0,0
1.79,2.79,0
0,1.15,0
3.89,0,0
0.14,0.29,0
0.64,1.92,0
0.22,2.05,0
4.34,1.44,0
1.78,0,0
0,1.56,0
0,0,0
0,0.58,0
0.98,0.24,0
2.22,2.22,0
0,0.38,0
0,1.16,0
0,0,0
0,0,0
0.4,1.22,0
0,0,0
1.04,0,0
1.93,1.75,0
0.18,0.9,0
0,8,0
3.21,0.22,0
1.35,1.01,0
0.59,0.59,0
2.44,0.91,0
0.81,1.63,0
20,20,0
33.33,0,0
0.16,0,0
14.28,0,0
0.4,1.22,0
0,4.47,0
1.23,0,0
4.44,0,0
0,2.08,0
2.15,1.07,0
1.14,1.14,0
0.57,0.32,0
0.74,0.49,0
0.81,0.27,0
0.86,0.34,0
0.5,0.14,0
0.81,0,0
1.64,1.17,0
2.18,0,0
0.54,1.09,0
2.85,0,0
0.74,0.74,0
2.41,1.61,0
1.38,2.77,0
0,0.6,0
0,2.6,0
0.45,0,0
2.48,0,0
3.44,6.89,0
1.9,0.43,0
0,0.37,0
1.17,3.52,0
0.53,0.17,0
0.93,0.31,0
0,0,0
1.44,0,0
0,0,0
0,0,0
0,0,0
0,2.08,0
1.05,0,0
2.49,0,0
1.55,2.32,0
0,0,0
1.59,0.17,0
0,2.38,0
1.47,0.98,0
6.38,0,0
1.16,1.16,0
1.9,0.47,0
0,0,0
16.66,0,0
1.69,0.28,0
0.64,1.29,0
4.16,0,0
1.34,2.01,0
1.23,2.46,0
1,1,0
0,2.32,0
0.27,3.79,0
4.37,0.38,0
0.53,0.17,0
0,1.17,0
0,0,0
0,2.7,0
0.95,0.95,0
4,0,0
0,0,0
1.21,0.17,0
0.93,1.05,0
2.53,0,0
0.8,1.61,0
2.14,1.28,0
0.44,0,0
2.9,1.19,0
0,0,0
0,0,0
0.68,1.36,0
2.4,1.6,0
1.09,3.29,0
0,0,0
0.74,0.74,0
4.54,0,0
0.87,0.87,0
2.81,1.4,0
0.84,0,0
0,0,0
2.61,0.23,0
6,0,0
20,0,0
8.69,1,0
20,0,0
0,0,0
0,0.92,0
1.72,1.72,0
0.99,1.98,0
0.38,0.38,0
6.89,1.72,0
0,0,0
0.9,2.7,0
1.6,0.73,0
4.87,2.43,0
1.2,0.4,0
1.79,0,0
3.29,0,0
0,1.96,0
0,0.59,0
8.33,0,0
8.69,0,0
1.09,1.63,0
12.5,0,0
1.74,2.9,0
2.68,2.68,0
2.06,2.41,0
0,0,0
3.3,0,0
1.78,2.67,0
2.63,0,0
0,5.55,0
1.28,0.64,0
2.3,0.76,0
8,0,0
2.56,3.58,0
0,0.51,0
4.21,0,0
9.09,0,0
4.44,2.22,0
8.69,0,0
0,0,0
0,0,0
0,5.93,0
0,3.12,0
0,1.58,0
0,0,0
0.45,3.63,0
0,1.4,0
0.52,1.31,0
0.27,2.79,0
0,1.23,0
0,5.45,0
0,1.94,0
2.32,2.32,0
0,3.22,0
0,1.73,0
1.44,1.44,0
0.34,4.19,0
0,4.5,0
0,2.47,0
0,0,0
0,1.44,0
0,5.55,0
0.67,0.67,0
0.39,2.19,0
0,3.84,0
0,5,0
1.16,2.32,0
0,0,0
1.73,2.89,0
1.09,3.82,0
0,4.16,0
1.06,3.19,0
0,2.59,0
1.34,2.24,0
1.92,5.76,0
0,4.69,0
0,7.4,0
4.16,0,0
0,2,0
0,2.12,0
0,7.14,0
2.85,2.85,0
3.57,0,0
3.33,6.66,0
0.86,1.44,0
1.36,4.08,0
0.99,0.99,0
1.21,1.21,0
0,2.38,0
0,0,0
0,1.81,0
5,5,0
0.26,4.19,0
2.85,5.71,0
2.17,2.17,0
7.69,0,0
1.31,0,0
0.84,5.04,0
0.93,1.86,0
0,2.17,0
0,3.7,0
0,7.69,0
2.08,5.2,0
0,4.61,0
0.79,3.17,0
0.82,1.65,0
0.61,2.46,0
4.16,0,0
0,3.22,0
0.95,2.85,0
1.49,2.98,0
0.41,0.41,0
0.6,3.04,0
0,4.34,0
0,3.84,0
0.47,1.43,0
0.87,3.5,0
0,3.33,0
0,2,0
0,2.94,0
0.68,4.1,0
0,2.56,0
0,4.34,0
0.45,4.1,0
2.04,4.08,0
1.02,3.06,0
0,2.54,0
0,5.81,0
0,3.5,0
0,3.66,0
0,4.08,0
1.27,4.45,0
0,2.5,0
0,3.61,0
6.25,0,0
1.47,0,0
1.29,0,0
1.13,1.13,0
0,1.47,0
0,4.76,0
0,2.09,0
0,1.2,0
0.9,3.6,0
0,1.63,0
0.9,0,0
0,0,0
0.08,0,0
0.66,3.33,0
1.08,0,0
0.44,3.53,0
1.06,0.53,0
0,5.46,0
0.81,3.27,0
0,0.55,0
0,2.53,0
1.25,3.75,0
0.54,2.16,0
0,1.56,0
0,2.94,0
1.63,5.43,0
0.49,0.33,0
0,1.31,0
0,2.63,0
1,2,0
0,2.19,0
0.48,2.43,0
0,0.87,0
0,4.85,0
0.33,1.35,0
0.15,3.6,0
0,0.09,0
0,0.19,0
0.37,1.23,0
0.67,2.68,0
0.89,2.02,0
0.33,1.66,0
0,0.86,0
0,2.58,0
2.56,3.84,0
0.78,1.57,0
0,1.36,0
0,2.25,0
0.76,2.05,0
0.64,2.26,0
0.94,2.83,0
0.77,0.77,0
0,3.17,0
2.01,4.69,0
1.52,2.29,0
1.07,2.15,0
1.55,4.65,0
0.71,2.15,0
1.29,1.29,0
0.27,3.3,0
1.04,4.52,0
0,1.8,0
0,2.12,0
0.92,3.7,0
2.12,1.06,0
1.41,2.83,0
1.03,3.09,0
0,3.07,0
0.91,5.5,0
0,3.33,0
0,1.17,0
2.88,1.92,0
0,0.78,0
2.35,1.17,0
0,3.13,0
0.75,1.5,0
0,0,0
0,1.88,0
1.08,1.08,0
0,5.26,0
0,1.17,0
0,3.94,0
1.36,2.05,0
0,2.15,0
0.45,0.9,0
0,4.4,0
0,2.84,0
0,1.94,0
0,5.55,0
0,0,0
0.7,2.47,0
0,7.69,0
0,1.76,0
0,2.87,0
0,1.89,0
0,8.33,0
0,0,0
0,3.85,0
0,2.94,0
1.66,0,0
0,4.87,0
0,0,0
1.69,1.69,0
1.25,3.75,0
0,2.63,0
0,1.04,0
0,2.94,0
0,1.92,0
0.19,0.99,0
0.69,2.77,0
0,1.97,0
0,2.19,0
0.48,2.43,0
0.61,1.85,0
0,3.58,0
0.64,2.59,0
0,1.03,0
0,3.5,0
0,2.85,0
0,3.07,0
1.69,1.69,0
3.33,3.33,0
0,1.47,0
0.87,3.5,0
3.03,3.03,0
1.08,5.43,0
2.7,8.1,0
0.58,2.9,0
0,1.75,0
1.28,5.12,0
0,1.47,0
0,1.26,0
0,1.08,0
0,0.44,0
0,0.41,0
1.35,2.7,0
1.38,9.72,0
2.12,6.38,0
0,1.42,0
0,2.02,0
0,1.46,0
1.42,4.28,0
1.78,8.92,0
1.1,3.3,0
1.49,4.47,0
3.49,4.19,0
0.16,3.21,0
0,5.1,0
2.32,2.32,0
0.72,0.72,0
0.56,2.27,0
0.67,4.05,0
0,3.44,0
0.2,2.81,0
0.18,2.72,0
4.76,4.76,0
2.27,2.27,0
0,1,0
0,0.48,0
0,2.65,0
0,4.95,0
0,2,0
0,1.76,0
0,2.73,0
0.46,3.7,0
0.09,4.24,0
0.6,3.61,0
0,1.65,0
2.77,5.55,0
4.76,0,0
0,1.94,0
2.63,7.89,0
0,0.71,0
0,2.04,0
0,0.86,0
0,0.37,0
0,1.11,0
0,2.1,0
1.63,6.55,0
0,4.76,0
0,4.37,0
0,4,0
3.7,7.4,0
0,1.52,0
0,12.19,0
3.33,3.33,0
0,2.16,0
0.3,1.21,0
0,4.16,0
0,6.66,0
0,0.93,0
0,0.91,0
0,1.53,0
0,2.74,0
0,2.96,0
0,2.56,0
0,5.31,0
0,1.31,0
2.09,2.79,0
2.18,3.82,0
1.25,2.5,0
0,0.55,0
0,1.63,0
0,2.27,0
0.92,3.7,0
0.99,5.94,0
0.12,1.78,0
0.33,2.81,0
0,1.82,0
0,1.82,0
0,5.26,0
7.14,14.28,0
0.33,2.34,0
1.1,2.2,0
0,7.75,0
0.26,1.56,0
0,0,0
0,3.42,0
0.29,3.58,0
0,0,0
0.06,2.79,0
7.69,0,0
0.51,3.02,0
0,0,0
0,0,0
0,0.39,0
1.42,7.14,0
0,0,0
1.21,1.82,0
21.42,7.14,0
0,3.47,0
0,1.95,0
0,0,0
0,5.05,0
0.81,4.06,0
0,4.54,0
2.85,5.71,0
0,4.19,0
0.48,2.42,0
0.22,1.16,0
0,3.03,0
0,3.44,0
0,8.33,0
0,0,0
0,4.54,0
0,1.02,0
0,2.5,0
0,0,0
0,1.61,0
0,0.19,0
1.58,3.17,0
0,0,0
0,2.93,0
0.68,0,0
8.33,0,0
0.86,2.58,0
1.78,3.57,0
0,1.26,0
0,0,0
1.58,2.38,0
0,0,0
0,4.65,0
0.61,2.6,0
1.29,2.92,0
0.33,2.88,0
0,4.94,0
0,14,0
0.27,1.25,0
0.16,1.3,0
0,0.48,0
0,0.42,0
0.23,0.23,0
2.22,4.44,0
0,5.05,0
0,1.75,0
1.98,1.98,0
0.74,1.49,0
0,1.43,0
0,1.19,0
1.01,1.01,0
0,2,0
0,1.62,0
0,5.55,0
0.59,1.19,0
1.6,3.52,0
0.81,2.45,0
1.23,1.85,0
20,0,0
0,2.91,0
1.22,1.22,0
0.38,2.31,0
0.55,0.55,0
0,3.03,0
0,1.13,0
0,4.12,0
0.63,4.73,0
0.4,0.4,0
0.44,0.44,0
0.82,1.23,0
0.72,2.18,0
0,1.47,0
0.26,2.65,0
0,0.3,0
0.49,2.71,0
0.49,2.71,0
0.87,2.19,0
0.49,2.71,0
0.61,3.09,0
0.14,0.14,0
0,0.44,0
0,0.25,0
0.68,1.7,0
0.7,2.11,0
1.28,3.84,0
1.24,3.41,0
1.21,3.03,0
0.25,2.19,0
0.64,1.29,0
0.74,2.23,0
0,2.12,0
2.77,2.77,0
3.12,3.12,0
3.44,3.44,0
0.38,1.78,0
1.23,2.46,0
0.33,2.34,0
0.95,1.9,0
0,4.81,0
6.66,6.66,0
1.2,6.02,0
0,1.92,0
1.17,7.05,0
4.34,0,0
1.66,3.33,0
1.81,5.45,0
0.89,2.67,0
0,1.42,0
0.38,2.3,0
0.53,2.66,0
2.85,8.57,0
0.94,2.83,0
0,4,0
0,4.54,0
1.48,3.33,0
0.86,3.17,0
0,6.25,0
0,0.31,0
0,0.81,0
0,0.87,0
0,1.47,0
0.8,4.8,0
0,3.1,0
0.39,5.09,0
0.65,1.31,0
0.35,7.47,0
0.58,4.38,0
0.62,2.5,0
0,2.19,0
0,0,0
1.36,4.1,0
0,3.8,0
0.35,1.79,0
3.17,3.17,0
0,1.61,0
0.74,1.49,0
0.78,2.36,0
1.28,3.84,0
2.38,2.38,0
0,0,0
1.29,3.22,0
0,0.74,0
0,1.01,0
0.71,2.15,0
0.85,2.13,0
0.95,1.58,0
0,2.45,0
0,2.17,0
0,3.79,0
0,0,0
0.88,1.76,0
0.86,2.58,0
0,0.91,0
0.19,0.98,0
2,4,0
0,4.02,0
0.38,1.35,0
0.63,0,0
0,0,0
0.21,1.91,0
1.11,3.73,0
0.66,4.29,0
0.2,1.42,0
0.12,1.58,0
0,0,0
0,2.33,0
0,5.26,0
2.53,5.06,0
1.92,3.84,0
0,0,0
0,0,0
8.33,0,0
0,1.25,0
0,0,0
3.03,0,0
0,7.4,0
0.42,2.14,0
0,8.33,0
0,0,0
0,0,0
0.93,0.93,0
0.8,0.8,0
0,0,0
0,0,0
0,2.91,0
0,1.6,0
0,0,0
0.47,1.43,0
0,0,0
0,0,0
0.99,0.66,0
0.51,4.8,0
0,2.77,0
1.38,1.38,0
0.1,0.64,0
0.27,4.45,0
0,0,0
2.12,10.63,0
0,3.06,0
0,4.39,0
0.56,2.71,0
0.6,1.82,0
0.22,1.35,0
0.7,2.41,0
2.01,1.34,0
0.5,6.28,0
0.5,2.53,0
0,1.63,0
0,0,0
0.56,2.06,0
0,3.86,0
1.38,0,0
1.11,1.49,0
0,3.61,0
0.4,0.8,0
0,0.97,0
0,0,0
0,3.06,0
0,0.89,0
1.23,1.85,0
0.22,1.83,0
0,9.52,0
0,1.47,0
0,0.71,0
3.03,0,0
0,0.54,0
0,2.9,0
0,6.89,0
0.62,2.5,0
0,0,0
0,6.45,0
0,3.57,0
0.31,0.62,0
0,6,0
0,1.5,0
0,1.93,0
1.97,4.6,0
