"","georgehp","youyour","SpamOrNot"
"1",0,1.445,1
"2",0,2.53,1
"3",0,0.935,1
"4",0,1.745,1
"5",0,1.745,1
"6",0,0,1
"7",0,2.245,1
"8",0,0,1
"9",0,1.615,1
"10",0,1.19,1
"11",0,2.4,1
"12",0,0.965,1
"13",0,1.565,1
"14",0,1.81,1
"15",0,3.03,1
"16",0,1.485,1
"17",0,2.355,1
"18",0,1.055,1
"19",0,2.035,1
"20",0,2.065,1
"21",0,0,1
"22",0,1.83,1
"23",0,0,1
"24",0,1.455,1
"25",0,0,1
"26",0,1.83,1
"27",0,0,1
"28",0,1.665,1
"29",0,0,1
"30",0,1.3,1
"31",0,1.76,1
"32",0,0,1
"33",0,3.105,1
"34",0,2.415,1
"35",0.34,1.36,1
"36",0,2.56,1
"37",0,0,1
"38",0,2.43,1
"39",0,1.215,1
"40",0,1.665,1
"41",0,1.685,1
"42",0,0,1
"43",0,0,1
"44",0,2.035,1
"45",0,1.04,1
"46",0,2.79,1
"47",0,2.815,1
"48",0,2.735,1
"49",0,2.34,1
"50",0,2.085,1
"51",0,2.88,1
"52",0,2.19,1
"53",0,1.185,1
"54",0,0.63,1
"55",0,2.2,1
"56",0,1.625,1
"57",0,2.875,1
"58",0,3.795,1
"59",0,1.36,1
"60",0,1.89,1
"61",0,0.885,1
"62",0,4.495,1
"63",0,0.695,1
"64",0.17,3.075,1
"65",0,3.555,1
"66",0,1.32,1
"67",0,1.46,1
"68",0,3.675,1
"69",0,3.38,1
"70",0,0,1
"71",0,3.16,1
"72",0,1.33,1
"73",0,1.79,1
"74",0,2.07,1
"75",0,2.41,1
"76",0,0.94,1
"77",0,2.66,1
"78",0,2.11,1
"79",0,1.355,1
"80",0,2.63,1
"81",0,3.33,1
"82",0,2.14,1
"83",0,0.725,1
"84",0,1.92,1
"85",0,0,1
"86",0,1.165,1
"87",0,2.495,1
"88",0,2.77,1
"89",0,1.175,1
"90",0,0,1
"91",0,2.805,1
"92",0,2.375,1
"93",0,2.48,1
"94",0,2.48,1
"95",0,2.54,1
"96",0,0.935,1
"97",0,1.755,1
"98",0,1.075,1
"99",0,0.605,1
"100",0,2.485,1
"101",0,3.185,1
"102",0,1.295,1
"103",0,0,1
"104",0,1.295,1
"105",0,0,1
"106",0,1.295,1
"107",0,0,1
"108",0,0.79,1
"109",0,0,1
"110",0,2.94,1
"111",0,0,1
"112",0,1.19,1
"113",0,1.14,1
"114",0,0.95,1
"115",0,2.14,1
"116",0,1.53,1
"117",0.025,1.15,1
"118",0.025,1.15,1
"119",0,3.84,1
"120",0,2.79,1
"121",0.025,1.15,1
"122",0.025,1.15,1
"123",0,2.21,1
"124",0,0.4,1
"125",0,0.455,1
"126",0,2.935,1
"127",0,3.535,1
"128",0,2.975,1
"129",0,3,1
"130",0,4.765,1
"131",0,2.28,1
"132",0,3,1
"133",0,1.685,1
"134",0,1.035,1
"135",0,0,1
"136",0,0.685,1
"137",0,0.685,1
"138",0,1.33,1
"139",0.745,0.745,1
"140",0,1.235,1
"141",0,1.33,1
"142",0,0.79,1
"143",0,2.21,1
"144",0,0.79,1
"145",0,2.77,1
"146",0,0,1
"147",0,1.33,1
"148",0,0.505,1
"149",0,0.905,1
"150",0,2.305,1
"151",0,2.15,1
"152",0,2.82,1
"153",0,2.7,1
"154",0,0.93,1
"155",0,1.345,1
"156",0,3.57,1
"157",0,2.625,1
"158",0,1.355,1
"159",0,0.85,1
"160",0,0.27,1
"161",0.105,0.32,1
"162",0,2.54,1
"163",0,2.485,1
"164",0,1.03,1
"165",0,2.54,1
"166",0,3.725,1
"167",0,0,1
"168",0,1.415,1
"169",0,0.455,1
"170",0,2.885,1
"171",0,1.185,1
"172",0,2.185,1
"173",0,2,1
"174",0,1.09,1
"175",0,1.95,1
"176",0,2.55,1
"177",0,0,1
"178",0,2.91,1
"179",0,1.98,1
"180",0,2.55,1
"181",0,1.89,1
"182",0,1.905,1
"183",0,0.87,1
"184",0,3.12,1
"185",0,1.265,1
"186",0,0,1
"187",0,0.86,1
"188",0,3.125,1
"189",0,4.25,1
"190",0,1.635,1
"191",0,2.535,1
"192",0,5.29,1
"193",0,1.605,1
"194",0,0.505,1
"195",0,2.185,1
"196",0,1.22,1
"197",0,2.7,1
"198",0,2.185,1
"199",0,2.685,1
"200",0,1.03,1
"201",0,2.74,1
"202",0,1.925,1
"203",0,1.95,1
"204",0,3.025,1
"205",0,1.255,1
"206",0,1.685,1
"207",0,1.11,1
"208",0,4.93,1
"209",0,1.845,1
"210",0,3.33,1
"211",0,1.97,1
"212",0,2.08,1
"213",0,3.33,1
"214",0,2.7,1
"215",0,1.87,1
"216",0,3.175,1
"217",0,0.035,1
"218",0,0.035,1
"219",0,1.83,1
"220",0,0.96,1
"221",0,2.54,1
"222",0,3.615,1
"223",0,1.71,1
"224",0,2.09,1
"225",0,2.765,1
"226",0,2.755,1
"227",0,3.83,1
"228",0,1.265,1
"229",0,1.065,1
"230",0,1.49,1
"231",0.165,0.33,1
"232",0,1.65,1
"233",0,0.65,1
"234",0,0.54,1
"235",0,1.69,1
"236",0,0.965,1
"237",0,0.965,1
"238",0,2.17,1
"239",0,2.18,1
"240",0,2.775,1
"241",0,1.05,1
"242",0,1.235,1
"243",0,2.23,1
"244",0,2.245,1
"245",0,2.77,1
"246",0,2.51,1
"247",0,2.23,1
"248",0,1.075,1
"249",0,0.945,1
"250",0.475,0.395,1
"251",1.79,0.39,1
"252",0,1.915,1
"253",0,2.115,1
"254",0,1.705,1
"255",0,1.6,1
"256",0,0,1
"257",0,2.495,1
"258",0,2,1
"259",0,2.64,1
"260",0,2.7,1
"261",0,2.64,1
"262",0.475,0.395,1
"263",0,1.705,1
"264",0,0.515,1
"265",0,2.375,1
"266",0,1.615,1
"267",0,2.775,1
"268",0,2,1
"269",0,2.92,1
"270",0,1.615,1
"271",0,1.615,1
"272",0,0.88,1
"273",0,2.15,1
"274",0,3.125,1
"275",0,2.28,1
"276",0,0.79,1
"277",0,0.945,1
"278",0,2.28,1
"279",0,0.425,1
"280",0,2.28,1
"281",0,0.815,1
"282",0,0.29,1
"283",0,0.57,1
"284",0,2.415,1
"285",0,1.83,1
"286",0,0.305,1
"287",0,0.78,1
"288",0,1.71,1
"289",0,2.815,1
"290",0.05,2.66,1
"291",0,1.35,1
"292",0,3.045,1
"293",0,2.1,1
"294",0,2.3,1
"295",0,0.19,1
"296",0,2.375,1
"297",0,2.755,1
"298",0,4.07,1
"299",0,3.27,1
"300",0.09,1.695,1
"301",0,4.06,1
"302",0,3.095,1
"303",0.09,1.695,1
"304",0,2.24,1
"305",0,2.77,1
"306",0,1.92,1
"307",0,0.47,1
"308",0,1.83,1
"309",0,0.905,1
"310",0,1.29,1
"311",0,1.735,1
"312",0,1.375,1
"313",0,0.41,1
"314",0,2.79,1
"315",0,0.58,1
"316",0,1.23,1
"317",0,0,1
"318",0,3.285,1
"319",0.09,1.685,1
"320",0.09,1.695,1
"321",0,2.765,1
"322",0,0,1
"323",0,1.865,1
"324",0,0,1
"325",0,0,1
"326",0,0,1
"327",0.085,0.605,1
"328",0,3,1
"329",0,2.625,1
"330",0.245,0.49,1
"331",0,1.535,1
"332",0,3.285,1
"333",0,3.84,1
"334",0,0.705,1
"335",0,1.53,1
"336",0,1.275,1
"337",0,2.255,1
"338",0,0.43,1
"339",0,3.84,1
"340",0,0.91,1
"341",0,2.765,1
"342",0,3.24,1
"343",0,3.84,1
"344",0,1.905,1
"345",0,2.285,1
"346",0.095,0.385,1
"347",0,0.43,1
"348",0,0.315,1
"349",0,2.255,1
"350",0,0.43,1
"351",0,1.275,1
"352",1.03,0,1
"353",0,3.84,1
"354",0,2.765,1
"355",0,2.79,1
"356",0,3.285,1
"357",0,0.68,1
"358",0,1.74,1
"359",0,1.875,1
"360",0.01,0.12,1
"361",0,0,1
"362",0,3.15,1
"363",0,2.5,1
"364",0,2.765,1
"365",0,0,1
"366",0,2.5,1
"367",0,3.5,1
"368",0,1.415,1
"369",0,2.755,1
"370",0,0.67,1
"371",0.01,0.12,1
"372",0,0.335,1
"373",0,0.2,1
"374",0,0.61,1
"375",0,2.96,1
"376",0,0,1
"377",0,2.24,1
"378",0,3.01,1
"379",0,2.43,1
"380",0,3.285,1
"381",0,3.12,1
"382",0,2.675,1
"383",0,1.02,1
"384",0,1.865,1
"385",0,0.285,1
"386",0,2.75,1
"387",0,2.75,1
"388",0,2.12,1
"389",0,2.235,1
"390",0,1.14,1
"391",0,2.16,1
"392",0,0,1
"393",0,2.97,1
"394",0,2.43,1
"395",0,2.12,1
"396",0,0,1
"397",0,1.65,1
"398",0,2.36,1
"399",0,2.385,1
"400",0,1.705,1
"401",0,2.88,1
"402",0,3.68,1
"403",0,2.205,1
"404",0,1.75,1
"405",0,2.23,1
"406",0,2.235,1
"407",0,2.32,1
"408",0,0.415,1
"409",0,0.21,1
"410",0,1.4,1
"411",0,1.015,1
"412",0,0.48,1
"413",0,1.965,1
"414",0,1.685,1
"415",0,2.455,1
"416",0,1.88,1
"417",0,2.945,1
"418",0,2.43,1
"419",0,2.335,1
"420",0,2.19,1
"421",0,1.36,1
"422",0,1.43,1
"423",0,2.72,1
"424",0,2.355,1
"425",0,2.345,1
"426",0,1.43,1
"427",0,0,1
"428",0,2.775,1
"429",0,2.595,1
"430",0,3.42,1
"431",0,1.775,1
"432",0,2.895,1
"433",0,1.775,1
"434",0,1.43,1
"435",0,5.88,1
"436",0,3.12,1
"437",0,0.44,1
"438",0,1.325,1
"439",0,1.97,1
"440",0,2.405,1
"441",0,0,1
"442",0,1.92,1
"443",0,2.44,1
"444",0,0,1
"445",0,0.48,1
"446",0,1.88,1
"447",0,0.26,1
"448",0,1.455,1
"449",0,1.53,1
"450",0,1.53,1
"451",0,1.41,1
"452",0,1.285,1
"453",0,2.88,1
"454",0,4.835,1
"455",0,3.36,1
"456",0,0.35,1
"457",0,0.43,1
"458",0,0,1
"459",0,0.63,1
"460",0,0.675,1
"461",0,1.505,1
"462",0,2.22,1
"463",0,2.5,1
"464",0,0,1
"465",0,0.69,1
"466",0,3.265,1
"467",0.355,2.375,1
"468",0,2.625,1
"469",0,1.61,1
"470",0,2.17,1
"471",0,2.17,1
"472",0,1.665,1
"473",0,1.94,1
"474",0,2.33,1
"475",0,2.755,1
"476",0,0,1
"477",0,1.85,1
"478",0,0,1
"479",0.58,0,1
"480",0.22,1.32,1
"481",0,2.06,1
"482",0,0,1
"483",0,0,1
"484",0,2.7,1
"485",0,1.66,1
"486",0,3.33,1
"487",0,1.72,1
"488",0,3.7,1
"489",0,1.015,1
"490",0.255,1.28,1
"491",0,2.1,1
"492",0,1.275,1
"493",0,1.72,1
"494",0,0.66,1
"495",0,2.545,1
"496",0,0,1
"497",0,2,1
"498",0,3.44,1
"499",0,2.99,1
"500",0,2.17,1
"501",0,0,1
"502",0,0,1
"503",0,2.41,1
"504",0,1.015,1
"505",0,1.045,1
"506",0,2.675,1
"507",0,1.105,1
"508",0,2.52,1
"509",0,1.18,1
"510",0,0,1
"511",0.02,2.69,1
"512",0,3.285,1
"513",0,2.65,1
"514",0,2.335,1
"515",0,2.475,1
"516",0,1.33,1
"517",0,2.51,1
"518",0,0,1
"519",0,1.315,1
"520",0,2.17,1
"521",0,2.255,1
"522",0,2.24,1
"523",0,1.64,1
"524",0,1.125,1
"525",0,2.695,1
"526",0,2.59,1
"527",0,1.62,1
"528",0,1.22,1
"529",0,1.62,1
"530",0,2.325,1
"531",0,1.53,1
"532",0,3.14,1
"533",0,3.25,1
"534",0,0.605,1
"535",0,0.575,1
"536",0,0,1
"537",0,0,1
"538",0,0,1
"539",0,2.265,1
"540",0,2.04,1
"541",0,1.545,1
"542",0,1.85,1
"543",0,2.57,1
"544",0,3.93,1
"545",0,1.95,1
"546",0,6.25,1
"547",0,1.22,1
"548",0,2.205,1
"549",0,2.42,1
"550",0,1.345,1
"551",0,1.22,1
"552",0,2.37,1
"553",0,3.175,1
"554",0,2.33,1
"555",0,2.15,1
"556",0,1.835,1
"557",0,2.765,1
"558",0,3.57,1
"559",0,1.22,1
"560",0,1.76,1
"561",0,0.655,1
"562",0,2.38,1
"563",0,2.73,1
"564",0,2.045,1
"565",0,3.125,1
"566",0,3.125,1
"567",0,0,1
"568",0,2.105,1
"569",0,0.365,1
"570",0,2,1
"571",0,1.265,1
"572",0,0,1
"573",0,1.995,1
"574",0,3.02,1
"575",0,2.325,1
"576",0,1.97,1
"577",0,1.97,1
"578",0,1.97,1
"579",0,2.105,1
"580",0,0,1
"581",0,3.325,1
"582",0,0.465,1
"583",0,2.635,1
"584",0,3.28,1
"585",0,1.97,1
"586",0,0.28,1
"587",0,2.54,1
"588",0,2.36,1
"589",0,0,1
"590",0,4.54,1
"591",0,2.17,1
"592",0,1.87,1
"593",0,2.38,1
"594",0,0,1
"595",0,0.38,1
"596",0,2.39,1
"597",0,2.825,1
"598",0,0.96,1
"599",0,1.12,1
"600",0,2.265,1
"601",0,2.4,1
"602",0,2.565,1
"603",0,2.03,1
"604",0,2.935,1
"605",0,3.74,1
"606",0,1.24,1
"607",0,0,1
"608",0,2.1,1
"609",0,2.87,1
"610",0,2.695,1
"611",0,2.39,1
"612",0,1.98,1
"613",0,1.005,1
"614",0,2.39,1
"615",0,2.285,1
"616",0,2.71,1
"617",0,1.455,1
"618",0,2.825,1
"619",0,2.225,1
"620",0,1.685,1
"621",0,1.02,1
"622",0,1.41,1
"623",0,4.41,1
"624",0,2.73,1
"625",0,2.06,1
"626",0,2.49,1
"627",0,0.17,1
"628",0,0.425,1
"629",0,2.58,1
"630",0,2.505,1
"631",0,2.185,1
"632",0,4.09,1
"633",0,2.325,1
"634",0,4.475,1
"635",0,0.44,1
"636",0,1.295,1
"637",0,1.835,1
"638",0,1.94,1
"639",0,2.255,1
"640",0,4.135,1
"641",0,1.98,1
"642",0,2.525,1
"643",0,2.205,1
"644",0.285,2.855,1
"645",0,3.125,1
"646",0,1.02,1
"647",0,2.205,1
"648",0,2.17,1
"649",0,0.455,1
"650",0,1.94,1
"651",0,0.215,1
"652",0,3.52,1
"653",0,1.955,1
"654",0,2.225,1
"655",0,1.815,1
"656",0,2.825,1
"657",0,1.84,1
"658",0,1.5,1
"659",0,0.375,1
"660",0,2.295,1
"661",0,2.875,1
"662",0,2.38,1
"663",0,0.63,1
"664",0,2.515,1
"665",0,2.28,1
"666",0,1.695,1
"667",0,0.705,1
"668",0,1.93,1
"669",0,3.305,1
"670",0,2.29,1
"671",0,1.29,1
"672",0,2.395,1
"673",0.17,0.51,1
"674",0,1.61,1
"675",0,3.33,1
"676",0,0.08,1
"677",0,1.845,1
"678",0,2.1,1
"679",0,2.07,1
"680",0,0.08,1
"681",0,2.395,1
"682",0,1.29,1
"683",0.1,1.94,1
"684",0,1.545,1
"685",0,0.68,1
"686",0,2.125,1
"687",0,2.31,1
"688",0,2.23,1
"689",0,0,1
"690",0,2.39,1
"691",0,4.385,1
"692",0,0.745,1
"693",0,1.29,1
"694",0,2.15,1
"695",0,0.295,1
"696",0,1.005,1
"697",0,1.9,1
"698",0,1.73,1
"699",0,1.005,1
"700",0,2.37,1
"701",0,1.995,1
"702",0,0,1
"703",0,2.15,1
"704",0,1.14,1
"705",0,2.12,1
"706",0,0,1
"707",0,1.69,1
"708",0,2.525,1
"709",0,3.18,1
"710",0,1.485,1
"711",0,2.25,1
"712",0,0.475,1
"713",0,0.945,1
"714",0,1.41,1
"715",0,1.14,1
"716",0,1.41,1
"717",0,1.96,1
"718",0,1.885,1
"719",0,2.72,1
"720",0.165,0.495,1
"721",0.16,0.485,1
"722",0,1.545,1
"723",0,1.005,1
"724",0,1.74,1
"725",0,1.74,1
"726",0,3.265,1
"727",0,2.45,1
"728",0,2.74,1
"729",0,0,1
"730",0,1.465,1
"731",0,0.84,1
"732",0,2.615,1
"733",0,3.765,1
"734",0,1.32,1
"735",0,1.33,1
"736",0,3.165,1
"737",0,0,1
"738",0,0.78,1
"739",0.675,0.675,1
"740",0.13,1.475,1
"741",0,3.36,1
"742",0,0.51,1
"743",0.26,0.785,1
"744",0,0.435,1
"745",0,0,1
"746",0,1.8,1
"747",0,1.01,1
"748",0,6.25,1
"749",0,0.51,1
"750",0,3.16,1
"751",0,3.165,1
"752",0,0,1
"753",0,1.765,1
"754",0,2.935,1
"755",0,2.015,1
"756",0,1.975,1
"757",0,2.07,1
"758",0,2.58,1
"759",0,2.365,1
"760",0,1.125,1
"761",0,1.945,1
"762",0,2.69,1
"763",0,2.8,1
"764",0,0.705,1
"765",0,2.83,1
"766",0,3.185,1
"767",0,1.41,1
"768",0,4.015,1
"769",0,0.555,1
"770",0,2.64,1
"771",0,0.385,1
"772",0,3.755,1
"773",0,2.99,1
"774",0,0,1
"775",0,2.255,1
"776",0,2.525,1
"777",0,1.1,1
"778",0,1.965,1
"779",0.045,0.98,1
"780",0,0.735,1
"781",0,2.64,1
"782",0,4.545,1
"783",0,2.67,1
"784",0,0,1
"785",0,2.59,1
"786",0,1.185,1
"787",0,0,1
"788",0,2.635,1
"789",0,2.635,1
"790",0,2.17,1
"791",0,2.445,1
"792",0,1.97,1
"793",0,0.775,1
"794",0,1.43,1
"795",0.055,2.295,1
"796",0,0.725,1
"797",0,2.68,1
"798",0,1.925,1
"799",0,2.595,1
"800",0,2.38,1
"801",0,1.515,1
"802",0,2.58,1
"803",0,1.015,1
"804",0.64,1.92,1
"805",0,1.545,1
"806",0,1.225,1
"807",0.17,0.51,1
"808",0,0,1
"809",0,0.51,1
"810",0,3.655,1
"811",0.17,0.51,1
"812",0,2.68,1
"813",0,1.015,1
"814",0,2.9,1
"815",0,2.7,1
"816",0,0,1
"817",0,2.15,1
"818",0,2.73,1
"819",0,2.85,1
"820",0,3.565,1
"821",0,3.5,1
"822",0,2.695,1
"823",0,1.47,1
"824",0,0.315,1
"825",0,1.48,1
"826",0,2.435,1
"827",0,0.735,1
"828",0,1.02,1
"829",0,2.305,1
"830",0,3.56,1
"831",0,1.19,1
"832",0,2.325,1
"833",0,2.65,1
"834",0,2.64,1
"835",0,2.56,1
"836",0,1,1
"837",0,3.33,1
"838",0,3,1
"839",0,3.205,1
"840",0,3,1
"841",0,2.755,1
"842",0,0.63,1
"843",0,1.72,1
"844",0,0,1
"845",0,0,1
"846",0,3.25,1
"847",0,0,1
"848",0,1.17,1
"849",0,4.315,1
"850",0,1.875,1
"851",0,1.89,1
"852",0,1.665,1
"853",0,3.085,1
"854",0,0,1
"855",0,3.02,1
"856",0,0.51,1
"857",0,0.49,1
"858",0,1.17,1
"859",0,0,1
"860",0,1.66,1
"861",0,0,1
"862",0,0.26,1
"863",0,2.78,1
"864",0,2.98,1
"865",0,0.69,1
"866",0,1.11,1
"867",0,1.11,1
"868",0,1.85,1
"869",0,0,1
"870",0,2.615,1
"871",0.73,0.62,1
"872",0,2.61,1
"873",0,2.47,1
"874",0,1.72,1
"875",0,0.55,1
"876",0,2.17,1
"877",0,2.38,1
"878",0,2.935,1
"879",0,3.7,1
"880",0,3.53,1
"881",0,2.725,1
"882",0,2.585,1
"883",0,3.845,1
"884",0,0.735,1
"885",0,3.585,1
"886",0,3.53,1
"887",0,3.36,1
"888",0,3.345,1
"889",0.17,0.51,1
"890",0,0,1
"891",0,1.83,1
"892",0,3.33,1
"893",0,2.21,1
"894",0,0,1
"895",0,2.12,1
"896",0,2.19,1
"897",0,1.7,1
"898",0,0,1
"899",0,2.765,1
"900",0,3.285,1
"901",0,3.285,1
"902",0,4.65,1
"903",0,2.555,1
"904",0,1.56,1
"905",0,1.195,1
"906",0,1.775,1
"907",0,0,1
"908",0,1.38,1
"909",0,2.065,1
"910",0,0.98,1
"911",0,2.175,1
"912",0,2.35,1
"913",0,0,1
"914",0,3.285,1
"915",0,3.545,1
"916",0,1.3,1
"917",0,1.175,1
"918",0,2.765,1
"919",0,0,1
"920",0,1.605,1
"921",0,2.755,1
"922",0,2.755,1
"923",0,1.95,1
"924",0,0.4,1
"925",0,1.965,1
"926",0,5.11,1
"927",0,2.16,1
"928",0,0.435,1
"929",0,1.965,1
"930",0,1.62,1
"931",0,2.215,1
"932",0,2.845,1
"933",0,4.315,1
"934",0,2.375,1
"935",0,2.25,1
"936",0,0.65,1
"937",0,1.18,1
"938",0,1.83,1
"939",0,1.035,1
"940",0,0.98,1
"941",0,2.6,1
"942",0,2.6,1
"943",0.19,0.19,1
"944",0.19,0.19,1
"945",0.19,0.19,1
"946",0,0,1
"947",0,0,1
"948",0,1.965,1
"949",0,0,1
"950",0,0,1
"951",0,2.7,1
"952",0,2.755,1
"953",0,1.02,1
"954",0,1.37,1
"955",0,1.545,1
"956",0,1.56,1
"957",0,1.545,1
"958",0,1.16,1
"959",0,2.435,1
"960",0,1.97,1
"961",0,0.655,1
"962",0,2.605,1
"963",0,3.24,1
"964",0.01,0.12,1
"965",0,0.66,1
"966",0,0.67,1
"967",0,0.535,1
"968",0,0.68,1
"969",0,0.535,1
"970",0,1.38,1
"971",0,2.5,1
"972",0,2.85,1
"973",0,2.5,1
"974",0,1.44,1
"975",0,3.15,1
"976",0,2.605,1
"977",0,1.135,1
"978",0,0.675,1
"979",0,1.175,1
"980",0,2.255,1
"981",0,3.545,1
"982",0,4.42,1
"983",0.09,1.795,1
"984",0,2.145,1
"985",0,3.285,1
"986",0,1.68,1
"987",0,2.39,1
"988",0,1.74,1
"989",0,2.595,1
"990",0,2.195,1
"991",0,2.74,1
"992",0,1.005,1
"993",0,2.04,1
"994",0,2.48,1
"995",0,0.41,1
"996",0,1.645,1
"997",0,1.645,1
"998",0,1.645,1
"999",0,3.89,1
"1000",0,3.6,1
"1001",0,3.385,1
"1002",0,3.435,1
"1003",0,1.645,1
"1004",0,2.415,1
"1005",0,3.285,1
"1006",0,3.285,1
"1007",0,1.95,1
"1008",0,2.59,1
"1009",0,1.805,1
"1010",0,2.205,1
"1011",0,2.205,1
"1012",0,2.065,1
"1013",0,2.025,1
"1014",0,2.04,1
"1015",0,2.415,1
"1016",0,1.805,1
"1017",0,1.58,1
"1018",0,0.98,1
"1019",0,3.15,1
"1020",0,0.455,1
"1021",0,1.005,1
"1022",0.595,3.57,1
"1023",0,1.79,1
"1024",0,2.32,1
"1025",0,1.47,1
"1026",0,1.005,1
"1027",0,2.4,1
"1028",0,3.27,1
"1029",0,2.44,1
"1030",0,2.35,1
"1031",0,2.765,1
"1032",0,2.765,1
"1033",0,1.02,1
"1034",0,2.66,1
"1035",0,2.84,1
"1036",0,2.645,1
"1037",0,2.29,1
"1038",0,1.785,1
"1039",0,1.62,1
"1040",0,1.83,1
"1041",0,3.705,1
"1042",0,3.415,1
"1043",0,0.69,1
"1044",0,0.72,1
"1045",0,0,1
"1046",0.485,0.485,1
"1047",0,2.25,1
"1048",0,2.13,1
"1049",0,2.01,1
"1050",0,3.285,1
"1051",0,0.735,1
"1052",0,0.98,1
"1053",0,1.015,1
"1054",0,2.18,1
"1055",0,2.745,1
"1056",0.59,0.325,1
"1057",0,2.485,1
"1058",0,1.22,1
"1059",0,2.13,1
"1060",0,1.355,1
"1061",0,3.285,1
"1062",0,0.61,1
"1063",0,2.86,1
"1064",0,0,1
"1065",0,1.195,1
"1066",0,0.68,1
"1067",0,1.915,1
"1068",0,2.45,1
"1069",0,2.945,1
"1070",0,2.415,1
"1071",0,0,1
"1072",0,2.645,1
"1073",0,1.905,1
"1074",0,2.415,1
"1075",0,2.205,1
"1076",0,2.205,1
"1077",0,2.87,1
"1078",0,3.64,1
"1079",0,0.78,1
"1080",0,2.16,1
"1081",0,1.225,1
"1082",0,1.21,1
"1083",0,1.54,1
"1084",0,2.7,1
"1085",0,2.87,1
"1086",0,2.87,1
"1087",0,2.66,1
"1088",0,2.905,1
"1089",0,2.485,1
"1090",0,1.97,1
"1091",0,0.32,1
"1092",0,2.45,1
"1093",0,2.17,1
"1094",0,2.17,1
"1095",0,3.295,1
"1096",0,2.755,1
"1097",0,0.45,1
"1098",0,2.83,1
"1099",0,3.33,1
"1100",0,3.32,1
"1101",0,3.63,1
"1102",0,0.745,1
"1103",0,1.275,1
"1104",0,1.89,1
"1105",0,2.66,1
"1106",0.18,1.63,1
"1107",0,2.7,1
"1108",0,0.905,1
"1109",0,1.68,1
"1110",0.49,2.45,1
"1111",0,2.22,1
"1112",0,0.28,1
"1113",0,1.975,1
"1114",0,3.33,1
"1115",0,2.055,1
"1116",0,1.965,1
"1117",0,1.16,1
"1118",0,2.33,1
"1119",0,2.575,1
"1120",0,2.565,1
"1121",0,5.055,1
"1122",0,2.24,1
"1123",0,1.16,1
"1124",0,2.575,1
"1125",0,2.575,1
"1126",0,3.945,1
"1127",0,0,1
"1128",0,3.57,1
"1129",0,1.32,1
"1130",0,1.32,1
"1131",0,1.9,1
"1132",0,0.87,1
"1133",0,0.87,1
"1134",0,2.755,1
"1135",0,3.52,1
"1136",0,3.49,1
"1137",0,0.48,1
"1138",0,2.185,1
"1139",0,1.185,1
"1140",0,2.345,1
"1141",0,1.91,1
"1142",0,2.185,1
"1143",0,3.16,1
"1144",0,1.65,1
"1145",0,3.39,1
"1146",0,2.305,1
"1147",0,2.17,1
"1148",0,2.44,1
"1149",0,2.9,1
"1150",0,3.17,1
"1151",0,2.46,1
"1152",0,2.9,1
"1153",0,1.185,1
"1154",0,2.615,1
"1155",0,2.97,1
"1156",0,1.655,1
"1157",0,1.38,1
"1158",0,1.655,1
"1159",0,0,1
"1160",0,3.65,1
"1161",0,4.325,1
"1162",0,2.36,1
"1163",0,0,1
"1164",0,2.655,1
"1165",0,2.485,1
"1166",0,2.79,1
"1167",0,2.79,1
"1168",0,3.405,1
"1169",0,2.855,1
"1170",0,2.04,1
"1171",0,2.24,1
"1172",0,2.37,1
"1173",0,1.575,1
"1174",0,0,1
"1175",0,0,1
"1176",0,0,1
"1177",0,0.935,1
"1178",0,3.615,1
"1179",0,1.235,1
"1180",0,0.545,1
"1181",0,2.035,1
"1182",0,3.005,1
"1183",0,1.85,1
"1184",0,1.51,1
"1185",0,1.15,1
"1186",0,1.35,1
"1187",0,1.47,1
"1188",0,1.49,1
"1189",0,2.135,1
"1190",0,3.33,1
"1191",0,2.835,1
"1192",0,3.305,1
"1193",0,2.055,1
"1194",0,2.38,1
"1195",0,2.055,1
"1196",0,1.33,1
"1197",0,2.53,1
"1198",0,1.35,1
"1199",0,1.66,1
"1200",0,1.66,1
"1201",0,2.145,1
"1202",0,0,1
"1203",0,1.005,1
"1204",0,1.47,1
"1205",0,2.82,1
"1206",0,2.38,1
"1207",0,2.03,1
"1208",0,0,1
"1209",0,2.375,1
"1210",0,2.045,1
"1211",0,1.55,1
"1212",0,2.56,1
"1213",0,1.98,1
"1214",0,2.325,1
"1215",0,2.41,1
"1216",0,2.42,1
"1217",0,2.45,1
"1218",0,3.64,1
"1219",0,2.145,1
"1220",0,1.76,1
"1221",0,1.29,1
"1222",0,1.29,1
"1223",0,1.29,1
"1224",0,0.15,1
"1225",0,3.45,1
"1226",0,1.85,1
"1227",0,2.345,1
"1228",0,2.035,1
"1229",0,2.065,1
"1230",0,3.1,1
"1231",0,2.035,1
"1232",0,2.355,1
"1233",0,3.34,1
"1234",0,0.84,1
"1235",0,0.44,1
"1236",0,1.085,1
"1237",0,2.78,1
"1238",0,1.56,1
"1239",0,1.825,1
"1240",0,0.335,1
"1241",0,2.82,1
"1242",0,2.74,1
"1243",0,2.74,1
"1244",0,2,1
"1245",0,0.955,1
"1246",0,2.5,1
"1247",0,1.05,1
"1248",0,6.38,1
"1249",0,2.77,1
"1250",0,1.45,1
"1251",0,2.115,1
"1252",0,1.45,1
"1253",0,0.605,1
"1254",0,2.255,1
"1255",0,1.07,1
"1256",0,2.935,1
"1257",0,1.61,1
"1258",0,2.4,1
"1259",0,2.915,1
"1260",0,2.205,1
"1261",0,1.98,1
"1262",0,1.73,1
"1263",0,1.98,1
"1264",0,1.98,1
"1265",0,1.98,1
"1266",0,0.59,1
"1267",0,1.005,1
"1268",0,0.83,1
"1269",0,1.005,1
"1270",0,1.135,1
"1271",0,2.015,1
"1272",0,2.89,1
"1273",0,2.64,1
"1274",0,1.13,1
"1275",0,2.46,1
"1276",0,1.6,1
"1277",0,2.435,1
"1278",0,2.035,1
"1279",0,2.04,1
"1280",0,1.26,1
"1281",0,1.35,1
"1282",0,0.305,1
"1283",0,0.565,1
"1284",0,2.64,1
"1285",0,0.97,1
"1286",0,1.35,1
"1287",0,0.49,1
"1288",0,1.085,1
"1289",0,2.455,1
"1290",0,2.585,1
"1291",0,0.625,1
"1292",0,2.43,1
"1293",0,0.665,1
"1294",0,0.905,1
"1295",0,1.54,1
"1296",0,1.94,1
"1297",0,1.41,1
"1298",0,1.33,1
"1299",0,2.935,1
"1300",0,3.03,1
"1301",0,1.6,1
"1302",0,1.6,1
"1303",0,3.085,1
"1304",0,1.78,1
"1305",0,2.07,1
"1306",0,1.125,1
"1307",0,1.6,1
"1308",0,2.225,1
"1309",0,2.3,1
"1310",0,1.25,1
"1311",0,2.265,1
"1312",0,1.745,1
"1313",0,1.19,1
"1314",0,2.185,1
"1315",0,2.185,1
"1316",0,2.37,1
"1317",0,0,1
"1318",0,1.08,1
"1319",0,1.895,1
"1320",0,2.325,1
"1321",0,1.97,1
"1322",0,1.92,1
"1323",0,2.935,1
"1324",0,0,1
"1325",0,1.76,1
"1326",0,3.57,1
"1327",0,3.185,1
"1328",0,0.64,1
"1329",0,2.39,1
"1330",0,1.38,1
"1331",0,0.94,1
"1332",0,3.33,1
"1333",0,0.94,1
"1334",0,3.33,1
"1335",0,0.94,1
"1336",0,3.33,1
"1337",0,0,1
"1338",0,2.685,1
"1339",0,2.39,1
"1340",0,3.885,1
"1341",0,2.23,1
"1342",0,0.665,1
"1343",0,0.96,1
"1344",0,1.095,1
"1345",0,2.695,1
"1346",0,3.135,1
"1347",0,3.135,1
"1348",0,0,1
"1349",0,2.255,1
"1350",0,2.325,1
"1351",0,3.855,1
"1352",0,0,1
"1353",0,2.65,1
"1354",0,1.125,1
"1355",0,2.675,1
"1356",0,0.38,1
"1357",0,1.72,1
"1358",0,2.26,1
"1359",0,2.415,1
"1360",0,1.72,1
"1361",0,1.015,1
"1362",0,2.38,1
"1363",0,1.92,1
"1364",0,1.72,1
"1365",0,0,1
"1366",0,0,1
"1367",0,1.05,1
"1368",0,1.01,1
"1369",0,2.1,1
"1370",0,0,1
"1371",0,1.66,1
"1372",0,0,1
"1373",0,1.67,1
"1374",0,2.525,1
"1375",0,2.7,1
"1376",0,3.565,1
"1377",0,3.86,1
"1378",0,0.925,1
"1379",0,1.94,1
"1380",0,2.335,1
"1381",0,0.3,1
"1382",0,2.055,1
"1383",0,2.06,1
"1384",0,2.545,1
"1385",0,2.33,1
"1386",0,2.01,1
"1387",0,0.835,1
"1388",0,0.13,1
"1389",0,1.69,1
"1390",0,2.17,1
"1391",0,2.39,1
"1392",0,3.125,1
"1393",0,1.97,1
"1394",0,1.125,1
"1395",0,1.75,1
"1396",0,1.53,1
"1397",0,0.83,1
"1398",0,2.17,1
"1399",0,1.82,1
"1400",0,1.805,1
"1401",0,2.45,1
"1402",0,0.26,1
"1403",0,0,1
"1404",0,1.265,1
"1405",0,2.875,1
"1406",0,2.295,1
"1407",0,3.1,1
"1408",0,1.67,1
"1409",0,4.845,1
"1410",0,0,1
"1411",0,2.345,1
"1412",0,0,1
"1413",0,0,1
"1414",0,0,1
"1415",0,1.77,1
"1416",0,2.375,1
"1417",1.685,0.085,1
"1418",0,1.005,1
"1419",0,0.315,1
"1420",0,1.295,1
"1421",0,2.115,1
"1422",0,1.66,1
"1423",0,1.595,1
"1424",0,1.015,1
"1425",0,0,1
"1426",0,2.32,1
"1427",0,2.235,1
"1428",0,2.405,1
"1429",0,2.38,1
"1430",0,1.72,1
"1431",0,0.96,1
"1432",0,2.8,1
"1433",0,1.72,1
"1434",0,0,1
"1435",0,2.635,1
"1436",0,2.43,1
"1437",0,1.03,1
"1438",0,2.12,1
"1439",0,0.95,1
"1440",0,2.73,1
"1441",0,2.48,1
"1442",0,3.035,1
"1443",0,0.97,1
"1444",0,2.475,1
"1445",0,3.12,1
"1446",0,2.56,1
"1447",0,2.63,1
"1448",0,2.24,1
"1449",0,2.47,1
"1450",0,1.79,1
"1451",0,2.78,1
"1452",0,1.425,1
"1453",0,2.29,1
"1454",0,1.4,1
"1455",0,1.47,1
"1456",0,1.665,1
"1457",0,1.4,1
"1458",0,0,1
"1459",0,2.495,1
"1460",0,2.1,1
"1461",0,1.2,1
"1462",0,4.52,1
"1463",0,0.63,1
"1464",0,1,1
"1465",0,2.2,1
"1466",0,1.21,1
"1467",0,2.165,1
"1468",0,1.93,1
"1469",0,0.6,1
"1470",0,2.86,1
"1471",0,1.155,1
"1472",0,1.47,1
"1473",0,2.19,1
"1474",0,1.905,1
"1475",0,3.375,1
"1476",0,1.035,1
"1477",0,3.065,1
"1478",0,2.22,1
"1479",0.35,0,1
"1480",0,1.56,1
"1481",0,2.155,1
"1482",0,2.865,1
"1483",0,2.5,1
"1484",0,0,1
"1485",0,0.26,1
"1486",0,0.675,1
"1487",0,2.165,1
"1488",0,3.24,1
"1489",0,0.76,1
"1490",0,2.535,1
"1491",0,1.92,1
"1492",0,0.41,1
"1493",0,2.6,1
"1494",0,2.625,1
"1495",0,2.495,1
"1496",0,2.195,1
"1497",0,0.78,1
"1498",0,1.975,1
"1499",0,2.615,1
"1500",0,2.625,1
"1501",0,2.72,1
"1502",0,0.595,1
"1503",0,3.27,1
"1504",0,2.025,1
"1505",0,2.54,1
"1506",0,2.12,1
"1507",0,0,1
"1508",0,0.785,1
"1509",0,0.745,1
"1510",0,2.25,1
"1511",0,2,1
"1512",0,0.435,1
"1513",0,1.2,1
"1514",0,1.525,1
"1515",0,0.68,1
"1516",0,2.445,1
"1517",0,1.885,1
"1518",0,0,1
"1519",0,1.435,1
"1520",0,0.615,1
"1521",0,3.175,1
"1522",0,0.57,1
"1523",0,0,1
"1524",0,1.61,1
"1525",0,3.175,1
"1526",0,0.89,1
"1527",0,0,1
"1528",0,0.79,1
"1529",0,1.9,1
"1530",0,2.205,1
"1531",0,0.43,1
"1532",0,0.945,1
"1533",0,1.68,1
"1534",0,0,1
"1535",0,2.29,1
"1536",0,4.345,1
"1537",0,1.465,1
"1538",0,4.345,1
"1539",0,1.96,1
"1540",0,2.395,1
"1541",0,0.94,1
"1542",0,1.69,1
"1543",0,0.11,1
"1544",0,2.7,1
"1545",0,2.06,1
"1546",0,1.64,1
"1547",0,1.46,1
"1548",0,1.11,1
"1549",0,2.185,1
"1550",0,3.12,1
"1551",0,2.345,1
"1552",0,2.385,1
"1553",0,3.12,1
"1554",0,0.87,1
"1555",0,3.57,1
"1556",0,0,1
"1557",0,0,1
"1558",0,2.045,1
"1559",0,1.185,1
"1560",0,2.325,1
"1561",0,3.605,1
"1562",0,2.34,1
"1563",0,2.57,1
"1564",0,2,1
"1565",0,0,1
"1566",0,0.525,1
"1567",0,0,1
"1568",0,1.16,1
"1569",0,2.38,1
"1570",0,1.47,1
"1571",0,2.15,1
"1572",0,2.605,1
"1573",0,1.67,1
"1574",0,1.525,1
"1575",0,2.605,1
"1576",0,0,1
"1577",0,1.635,1
"1578",0,1.36,1
"1579",0,1.905,1
"1580",0,1.24,1
"1581",0,3.12,1
"1582",0,0,1
"1583",0,2.185,1
"1584",0,2.34,1
"1585",0,0,1
"1586",0,0,1
"1587",0,0.19,1
"1588",0,2.235,1
"1589",0,1.835,1
"1590",0,2.66,1
"1591",0,4.28,1
"1592",0,3.84,1
"1593",0,1.63,1
"1594",0,0.925,1
"1595",0,1.515,1
"1596",0,2.17,1
"1597",0,2.54,1
"1598",0,0,1
"1599",0,1.47,1
"1600",0,0.53,1
"1601",0,3.365,1
"1602",0,3.22,1
"1603",0,3.195,1
"1604",0,2.68,1
"1605",0,1.635,1
"1606",0,2.23,1
"1607",0,0,1
"1608",0,1.63,1
"1609",0,2.26,1
"1610",0,2.405,1
"1611",0,1.21,1
"1612",0,1.635,1
"1613",0,2.35,1
"1614",0,2.35,1
"1615",0,0.085,1
"1616",0,0.365,1
"1617",0,0.87,1
"1618",0,0.29,1
"1619",0,1.475,1
"1620",0,1.63,1
"1621",0,2.35,1
"1622",0,0,1
"1623",0,2.355,1
"1624",0,0,1
"1625",0,1.155,1
"1626",0,2.495,1
"1627",0,1.705,1
"1628",0,2.395,1
"1629",0,1.23,1
"1630",0,2.4,1
"1631",0,2.27,1
"1632",0,1.28,1
"1633",0,1.97,1
"1634",0,0.595,1
"1635",0,2.245,1
"1636",0,0.12,1
"1637",0,0.12,1
"1638",0,0.12,1
"1639",0,2.815,1
"1640",0,2.395,1
"1641",0,0,1
"1642",0,1.575,1
"1643",0,2.57,1
"1644",0,1.16,1
"1645",0,2.205,1
"1646",0,1.635,1
"1647",0,1.525,1
"1648",0,2.205,1
"1649",0,0.47,1
"1650",0,0,1
"1651",0.215,1.525,1
"1652",0,2.35,1
"1653",0,2.12,1
"1654",0,1.99,1
"1655",0.045,0.14,1
"1656",0,0.965,1
"1657",0,3.375,1
"1658",0,1.36,1
"1659",0,0,1
"1660",0,2.03,1
"1661",0,1.2,1
"1662",0,1.08,1
"1663",0,2.835,1
"1664",0,0,1
"1665",0,1.72,1
"1666",0,1.47,1
"1667",0,2.13,1
"1668",0,2.625,1
"1669",0,0,1
"1670",0,0.83,1
"1671",0,2.06,1
"1672",0,0.67,1
"1673",0,1.465,1
"1674",0,2.77,1
"1675",0,0,1
"1676",0,0,1
"1677",0,2.4,1
"1678",0,0.235,1
"1679",0,1.8,1
"1680",0,3.09,1
"1681",0.34,0,1
"1682",0,3.55,1
"1683",0,1.56,1
"1684",0,1.605,1
"1685",0,1.56,1
"1686",0,0.665,1
"1687",0,1.07,1
"1688",0,0,1
"1689",0,0.56,1
"1690",0,2.08,1
"1691",0,0,1
"1692",0,2.41,1
"1693",0,2.36,1
"1694",0,2.85,1
"1695",0,0.925,1
"1696",0,0,1
"1697",0,3.06,1
"1698",0,3.21,1
"1699",0,3.345,1
"1700",0,2.31,1
"1701",0,0,1
"1702",0,1.795,1
"1703",0,1.55,1
"1704",0,1.8,1
"1705",0,2.85,1
"1706",0,0,1
"1707",0,1.455,1
"1708",0,0,1
"1709",0,1.55,1
"1710",0,0,1
"1711",0,0,1
"1712",0,0.66,1
"1713",0,2.41,1
"1714",0,1.8,1
"1715",0,0,1
"1716",0,2.4,1
"1717",0,2.61,1
"1718",0,0.58,1
"1719",0,1.605,1
"1720",0,2.46,1
"1721",0,0.3,1
"1722",0,0.6,1
"1723",0,0,1
"1724",0,0,1
"1725",0,2.38,1
"1726",0,2.04,1
"1727",0,2.83,1
"1728",0,2.585,1
"1729",0,3.615,1
"1730",0,1.82,1
"1731",0,2.06,1
"1732",0,0.74,1
"1733",0,2.285,1
"1734",0,0.89,1
"1735",0,3.22,1
"1736",0,0,1
"1737",0,2.935,1
"1738",0,2.13,1
"1739",0,1.465,1
"1740",0,0.925,1
"1741",0,3.265,1
"1742",0,1.67,1
"1743",0,2.78,1
"1744",0,3.615,1
"1745",0,2.43,1
"1746",0,2.29,1
"1747",0,2.04,1
"1748",0,2.685,1
"1749",0,1.06,1
"1750",0,2.06,1
"1751",0,1.245,1
"1752",0,0.98,1
"1753",0,0,1
"1754",0,0.01,1
"1755",0,2.13,1
"1756",0,2.73,1
"1757",0,2.615,1
"1758",0,2.215,1
"1759",0,1.505,1
"1760",0,0.75,1
"1761",0,1.9,1
"1762",0,3.18,1
"1763",0,5.555,1
"1764",0,1.735,1
"1765",0,0.48,1
"1766",0,1.675,1
"1767",0,2.425,1
"1768",0,1.7,1
"1769",0,0.555,1
"1770",0,1.725,1
"1771",0,2.715,1
"1772",0,0.96,1
"1773",0,1.01,1
"1774",0,2.8,1
"1775",0,2.1,1
"1776",0,1.705,1
"1777",0,2.4,1
"1778",0,1.935,1
"1779",0,2.25,1
"1780",0,2.34,1
"1781",0,2.395,1
"1782",0,4.685,1
"1783",0,2.685,1
"1784",0,2.605,1
"1785",0,2.35,1
"1786",0,2.27,1
"1787",0,2.585,1
"1788",0,2.93,1
"1789",0,2.34,1
"1790",0,0.905,1
"1791",0,0,1
"1792",0,1.005,1
"1793",0,2.76,1
"1794",0,2.58,1
"1795",0,2.32,1
"1796",0,5.135,1
"1797",0,2.495,1
"1798",0,1.76,1
"1799",0,2.92,1
"1800",0,0,1
"1801",0,2.255,1
"1802",0,0,1
"1803",0,1.35,1
"1804",0,1.81,1
"1805",0,1.19,1
"1806",0,2.38,1
"1807",0,1.005,1
"1808",0,1.835,1
"1809",0,1.845,1
"1810",0,2.565,1
"1811",0,1.73,1
"1812",0,2.685,1
"1813",0,2.11,1
"1814",0,0,0
"1815",0,2.13,0
"1816",16.665,0,0
"1817",2.56,0,0
"1818",0.035,0,0
"1819",3.06,0,0
"1820",0.42,0,0
"1821",0,0,0
"1822",0,3.655,0
"1823",0,2,0
"1824",4.785,0.12,0
"1825",0.45,2.7,0
"1826",0,0,0
"1827",1.65,0,0
"1828",0,0.925,0
"1829",0,0,0
"1830",0,0,0
"1831",0.4,0.4,0
"1832",0,0.755,0
"1833",0,1.16,0
"1834",0.635,1.905,0
"1835",1.16,0.29,0
"1836",0.965,0.75,0
"1837",0.94,1.88,0
"1838",0,1.06,0
"1839",4.05,0,0
"1840",0,0,0
"1841",0,0,0
"1842",1.735,0,0
"1843",1.445,0,0
"1844",0,0,0
"1845",0,1.645,0
"1846",0,1.875,0
"1847",0,1.59,0
"1848",0,0.485,0
"1849",8.33,0,0
"1850",2.11,0,0
"1851",0.79,1.58,0
"1852",0.105,0.635,0
"1853",0,0,0
"1854",0.605,1.21,0
"1855",0.235,0.705,0
"1856",2.56,1.92,0
"1857",1.315,0.875,0
"1858",1.88,0.13,0
"1859",0.915,1.375,0
"1860",0,0,0
"1861",0,0,0
"1862",2,2,0
"1863",2.17,6.515,0
"1864",0,0,0
"1865",0,3.065,0
"1866",0,0.78,0
"1867",0.34,0.335,0
"1868",0.165,1.515,0
"1869",0.23,0.07,0
"1870",0,0.765,0
"1871",0,0,0
"1872",1.5,0,0
"1873",0.115,1.185,0
"1874",2.25,0,0
"1875",2,2,0
"1876",0.56,0,0
"1877",0.27,0,0
"1878",2.84,0.755,0
"1879",3.57,0,0
"1880",0.15,0.15,0
"1881",2.775,0,0
"1882",0.98,0,0
"1883",3.7,0,0
"1884",1.11,0.37,0
"1885",0.55,0,0
"1886",1.16,0.19,0
"1887",0.345,0.57,0
"1888",0,0,0
"1889",0.69,0.69,0
"1890",0,0,0
"1891",0,0.535,0
"1892",0,0,0
"1893",0.465,1.17,0
"1894",0.375,0,0
"1895",0.845,1.04,0
"1896",0.07,0.07,0
"1897",0.145,0.29,0
"1898",2.27,0.68,0
"1899",0.8,1.2,0
"1900",0,0,0
"1901",0,0,0
"1902",1.76,0,0
"1903",0,0,0
"1904",0.505,0.505,0
"1905",0,1.19,0
"1906",1.24,0.07,0
"1907",0,0,0
"1908",2.17,0,0
"1909",0,0,0
"1910",0.13,2.34,0
"1911",0.155,0.155,0
"1912",1.445,0.96,0
"1913",1.94,0.16,0
"1914",0,0,0
"1915",0.1,1.455,0
"1916",0,0,0
"1917",0.135,2.455,0
"1918",0.015,0.05,0
"1919",0.67,0.5,0
"1920",0,3,0
"1921",2.35,0,0
"1922",2.31,0.355,0
"1923",3.57,0,0
"1924",2,0,0
"1925",0,2.76,0
"1926",0,0,0
"1927",0,0,0
"1928",0,2.58,0
"1929",0,1.16,0
"1930",0.68,0,0
"1931",0,0,0
"1932",0,1.77,0
"1933",1.155,0.285,0
"1934",1.67,0,0
"1935",0,0,0
"1936",0,0.75,0
"1937",0.335,0.19,0
"1938",0,0.53,0
"1939",0,2.18,0
"1940",0,0,0
"1941",2.075,1.38,0
"1942",0,0,0
"1943",0,0.38,0
"1944",0,0,0
"1945",0,0,0
"1946",0,0,0
"1947",0.635,1.91,0
"1948",0,0.96,0
"1949",0.68,0.68,0
"1950",0,2,0
"1951",0.35,1.4,0
"1952",0.07,0.07,0
"1953",0.845,0,0
"1954",0,0,0
"1955",0,0.67,0
"1956",0.64,0.42,0
"1957",1.96,0,0
"1958",0.48,0,0
"1959",1.665,0.83,0
"1960",1.225,0.405,0
"1961",2.685,0.535,0
"1962",1.285,0.49,0
"1963",0,1.28,0
"1964",0.095,0.855,0
"1965",6.815,0,0
"1966",12.5,0,0
"1967",1.215,1.215,0
"1968",0,0,0
"1969",0.7,0,0
"1970",0.22,1.115,0
"1971",1,0,0
"1972",1.04,0.345,0
"1973",0.39,0.39,0
"1974",0.215,0.125,0
"1975",0.14,2.295,0
"1976",0.33,0.165,0
"1977",0.57,0,0
"1978",1.61,0,0
"1979",2.25,0,0
"1980",0.485,0.97,0
"1981",0,0,0
"1982",0.405,1.62,0
"1983",7.69,0,0
"1984",0.405,0.945,0
"1985",0.56,2.245,0
"1986",0,0.905,0
"1987",1.19,1.19,0
"1988",8.33,0,0
"1989",5.185,0.405,0
"1990",0,0,0
"1991",0,0.21,0
"1992",2.5,0,0
"1993",0.87,1.31,0
"1994",0.24,0,0
"1995",0.51,0.51,0
"1996",0.905,0,0
"1997",0,0,0
"1998",1.14,0.38,0
"1999",0,1.845,0
"2000",0.46,0,0
"2001",0.52,0.52,0
"2002",0,0,0
"2003",0,1.02,0
"2004",0,0,0
"2005",0.465,2.785,0
"2006",1.76,0.29,0
"2007",0.375,0,0
"2008",1.785,0.51,0
"2009",0,0.425,0
"2010",1.315,0.52,0
"2011",1.98,0.595,0
"2012",0.86,1.29,0
"2013",0.875,0,0
"2014",0,1.545,0
"2015",0.73,0,0
"2016",0.995,0.995,0
"2017",0,0.29,0
"2018",0.43,0.43,0
"2019",1.94,0.83,0
"2020",0.745,0,0
"2021",0.895,0,0
"2022",0,0.6,0
"2023",0,0,0
"2024",0.175,1.065,0
"2025",0,0.925,0
"2026",0.805,0.805,0
"2027",0.325,0.325,0
"2028",0.18,0.73,0
"2029",0,0,0
"2030",0,0.785,0
"2031",2.19,0.435,0
"2032",8.33,0,0
"2033",0.815,0,0
"2034",0,0,0
"2035",1.11,0,0
"2036",1.825,0.98,0
"2037",0.25,0,0
"2038",1.33,0,0
"2039",2.1,1.4,0
"2040",1.55,0.515,0
"2041",0.225,1.59,0
"2042",1.145,0.57,0
"2043",0.54,1.08,0
"2044",0.05,0.05,0
"2045",2.025,0.335,0
"2046",0.45,0,0
"2047",0.595,0.595,0
"2048",0,0,0
"2049",0.16,0.16,0
"2050",0.925,2.775,0
"2051",0.38,0.38,0
"2052",0,1.92,0
"2053",2.22,2.775,0
"2054",5.355,0,0
"2055",0,4.44,0
"2056",10,0,0
"2057",3.83,0.495,0
"2058",1.305,0.2,0
"2059",1.04,3.12,0
"2060",2.63,0.655,0
"2061",1.65,0.77,0
"2062",1.55,0.515,0
"2063",1.53,1.02,0
"2064",0.235,0,0
"2065",0,0,0
"2066",0,0,0
"2067",2.33,0,0
"2068",0.235,0,0
"2069",0,2.08,0
"2070",1.135,1.135,0
"2071",0,0,0
"2072",0.33,1.665,0
"2073",2.04,0,0
"2074",3.615,0.51,0
"2075",0,0.96,0
"2076",0,1.92,0
"2077",1.19,1.19,0
"2078",0,0,0
"2079",0,0,0
"2080",0,0,0
"2081",0.945,0.77,0
"2082",0.525,3.155,0
"2083",0.895,0,0
"2084",0.135,0.95,0
"2085",0.4,0.8,0
"2086",0,1.69,0
"2087",5.075,0,0
"2088",2.8,0.695,0
"2089",0.53,0,0
"2090",0,1.47,0
"2091",0.68,2.735,0
"2092",0.295,0.885,0
"2093",0,2.23,0
"2094",0,0,0
"2095",0.905,4.54,0
"2096",1.665,0.08,0
"2097",0.995,1.49,0
"2098",0.08,0,0
"2099",0,0.1,0
"2100",0.425,1.275,0
"2101",8.33,0,0
"2102",0.115,0.115,0
"2103",1.34,0.08,0
"2104",1.35,0.81,0
"2105",0,0,0
"2106",8.33,0,0
"2107",1.92,0,0
"2108",1.92,0,0
"2109",0,0,0
"2110",0,0,0
"2111",0.23,0.345,0
"2112",10,0,0
"2113",8.33,0,0
"2114",0.58,0.58,0
"2115",0.08,0.08,0
"2116",0.335,0.285,0
"2117",1.74,0.045,0
"2118",0.415,0.23,0
"2119",0.365,0.495,0
"2120",0.295,0.295,0
"2121",1.38,0.92,0
"2122",1.015,1.235,0
"2123",0.08,2.555,0
"2124",0,0,0
"2125",1.15,1.06,0
"2126",10,0,0
"2127",0,0.195,0
"2128",0.475,0.805,0
"2129",0.525,0,0
"2130",0.86,0,0
"2131",0.39,0.78,0
"2132",0.15,1.515,0
"2133",0,0.81,0
"2134",0.46,1.225,0
"2135",0,1.69,0
"2136",1.29,0.645,0
"2137",0.505,0,0
"2138",0,1.535,0
"2139",1.56,0.52,0
"2140",0,0,0
"2141",1.785,0,0
"2142",0.045,0,0
"2143",0.16,0,0
"2144",1.27,0,0
"2145",0.83,0,0
"2146",0,0,0
"2147",0,0,0
"2148",0.39,0.78,0
"2149",12.5,0,0
"2150",0.235,1.18,0
"2151",2.775,0.925,0
"2152",0,0,0
"2153",2.855,0,0
"2154",1.11,0,0
"2155",0.685,0.635,0
"2156",0.98,0,0
"2157",11.11,0,0
"2158",2.17,0,0
"2159",4.345,0,0
"2160",1.34,0,0
"2161",0,1.92,0
"2162",1.395,0,0
"2163",0,0,0
"2164",0.475,0.63,0
"2165",2.15,0,0
"2166",0.725,2.185,0
"2167",0.16,1.805,0
"2168",0.905,0.45,0
"2169",0,0,0
"2170",1.35,1.35,0
"2171",0.15,0.025,0
"2172",2.42,0.905,0
"2173",2.235,0.745,0
"2174",0.915,0.915,0
"2175",0.855,0,0
"2176",0.335,0.335,0
"2177",0,0,0
"2178",0.95,0.755,0
"2179",0.245,0.37,0
"2180",0.515,0,0
"2181",0,0,0
"2182",0,4.75,0
"2183",0,0,0
"2184",0,0.145,0
"2185",0,0,0
"2186",0,0.05,0
"2187",0.595,1.785,0
"2188",16.665,0,0
"2189",0,1.57,0
"2190",0.22,0.145,0
"2191",0,0,0
"2192",0,0,0
"2193",0,0.86,0
"2194",0,0,0
"2195",0.86,0,0
"2196",0,0,0
"2197",0.495,2.475,0
"2198",0.815,0,0
"2199",4.165,0,0
"2200",1.45,1.815,0
"2201",1.17,1.76,0
"2202",1.1,2.2,0
"2203",0,0.705,0
"2204",0,2.5,0
"2205",1.565,1.305,0
"2206",1,0.33,0
"2207",1.295,1.295,0
"2208",0,0,0
"2209",0.335,0,0
"2210",8.33,0,0
"2211",12.5,0,0
"2212",6.965,0.2,0
"2213",2.51,1.255,0
"2214",0.185,1.69,0
"2215",0.425,0.86,0
"2216",0,0,0
"2217",3.845,0,0
"2218",3.33,0,0
"2219",2.97,0,0
"2220",0.135,0.675,0
"2221",6.25,0,0
"2222",1.92,0.48,0
"2223",0,0,0
"2224",1.16,0,0
"2225",0.215,0.755,0
"2226",0,1.4,0
"2227",0.21,2.55,0
"2228",1.725,0,0
"2229",0,4.05,0
"2230",3.38,1.195,0
"2231",0.23,0.845,0
"2232",4.885,0.54,0
"2233",1.85,1.23,0
"2234",0,0.6,0
"2235",1.17,1.175,0
"2236",2.08,2.08,0
"2237",0,0,0
"2238",0,0,0
"2239",0,0,0
"2240",1.585,0,0
"2241",1,0,0
"2242",0.48,0,0
"2243",0,1.02,0
"2244",1.895,0,0
"2245",0,0.21,0
"2246",0,0.94,0
"2247",0,0,0
"2248",0,0,0
"2249",0,4.165,0
"2250",2.075,1.38,0
"2251",0,2.5,0
"2252",1.37,0.145,0
"2253",0.78,0.785,0
"2254",1,0,0
"2255",0,0,0
"2256",0.785,1.375,0
"2257",0,0,0
"2258",0.225,1.82,0
"2259",0,0.76,0
"2260",0.11,2.545,0
"2261",0,0,0
"2262",0.275,0.46,0
"2263",0.26,0.86,0
"2264",1.865,0,0
"2265",1.53,0,0
"2266",0.595,0,0
"2267",0,1.28,0
"2268",0.89,0,0
"2269",0.83,0,0
"2270",0.095,0,0
"2271",6.245,0,0
"2272",1,0,0
"2273",1,0,0
"2274",0,0,0
"2275",0.595,0,0
"2276",5.555,0,0
"2277",0.275,1.65,0
"2278",2.19,0.58,0
"2279",0,5,0
"2280",0.395,0.79,0
"2281",0,1.665,0
"2282",0.495,0.33,0
"2283",0,0,0
"2284",0.98,0.49,0
"2285",4.405,0,0
"2286",1.245,0.465,0
"2287",1.515,1.515,0
"2288",0.365,0.365,0
"2289",0.345,0.345,0
"2290",0.78,0,0
"2291",2.39,0.155,0
"2292",0.485,0.32,0
"2293",0,0.18,0
"2294",0,4.995,0
"2295",0,0.115,0
"2296",0.56,0,0
"2297",12.5,0,0
"2298",0.515,1.545,0
"2299",0.93,0.605,0
"2300",1.23,1.23,0
"2301",0.285,0.57,0
"2302",0,1.085,0
"2303",0,0,0
"2304",0,0.74,0
"2305",0,2.16,0
"2306",0,2.16,0
"2307",0,3.565,0
"2308",0,2.775,0
"2309",1.905,0.71,0
"2310",0.43,0.86,0
"2311",1.255,0.245,0
"2312",3.37,0.305,0
"2313",0.645,1.295,0
"2314",2.49,0.495,0
"2315",0.13,0.93,0
"2316",1.48,1.11,0
"2317",0.02,0.065,0
"2318",0,0,0
"2319",0,0,0
"2320",0,0.745,0
"2321",0,0.285,0
"2322",0,0.88,0
"2323",0.2,0,0
"2324",0,0,0
"2325",0,1.915,0
"2326",0.335,1.01,0
"2327",0,0.35,0
"2328",5.68,0,0
"2329",0,0.74,0
"2330",0.37,0.365,0
"2331",0.285,0.24,0
"2332",0,0,0
"2333",0.345,0.215,0
"2334",1.985,0,0
"2335",1.985,0,0
"2336",0,0,0
"2337",0,0.62,0
"2338",0.555,0,0
"2339",0,0.805,0
"2340",0,1.38,0
"2341",0,0,0
"2342",0,1.1,0
"2343",1.565,0,0
"2344",0,1.85,0
"2345",1.75,0.875,0
"2346",0,0.14,0
"2347",3.57,0,0
"2348",0,1.7,0
"2349",0.735,0.365,0
"2350",0,2.415,0
"2351",0.655,3.285,0
"2352",0.36,0,0
"2353",1.32,0.88,0
"2354",0,0,0
"2355",0.235,0,0
"2356",0,2.17,0
"2357",8.33,0,0
"2358",0,1.35,0
"2359",2.075,2.08,0
"2360",0.48,0.965,0
"2361",0.055,0.275,0
"2362",0.135,0.945,0
"2363",1.11,0,0
"2364",0.09,0,0
"2365",0,2.17,0
"2366",0,0,0
"2367",0,2.08,0
"2368",0,0.715,0
"2369",0.385,1.16,0
"2370",0,0.765,0
"2371",0.29,2.2,0
"2372",0,0.86,0
"2373",7.14,0,0
"2374",0.925,0,0
"2375",0.13,0,0
"2376",0,0,0
"2377",1.645,0,0
"2378",0,0,0
"2379",1.945,0,0
"2380",1.77,0,0
"2381",1.125,0,0
"2382",0,1.28,0
"2383",0,1.01,0
"2384",0.53,2.125,0
"2385",0.545,1.635,0
"2386",1.095,1.095,0
"2387",0,2.08,0
"2388",0,0.56,0
"2389",0,0,0
"2390",0,1.885,0
"2391",0,1.62,0
"2392",2.16,0.39,0
"2393",1.05,1.35,0
"2394",1.16,1.485,0
"2395",0.97,0.97,0
"2396",0,0.425,0
"2397",0,0,0
"2398",1.115,0,0
"2399",10,0,0
"2400",0.48,0,0
"2401",1.35,0.9,0
"2402",0.18,0.82,0
"2403",0,1.03,0
"2404",0,0.36,0
"2405",2.89,0.41,0
"2406",0.17,0.34,0
"2407",0,0.89,0
"2408",0.89,0.89,0
"2409",0.45,0.45,0
"2410",3.43,0,0
"2411",0,3.225,0
"2412",0.485,1.455,0
"2413",0.69,0.23,0
"2414",0,1.085,0
"2415",1.515,0.07,0
"2416",0,0,0
"2417",1.485,0,0
"2418",0.745,2.98,0
"2419",1.745,0.26,0
"2420",0.465,0,0
"2421",1.76,0.29,0
"2422",0.94,1.57,0
"2423",0.36,0.36,0
"2424",0.27,0.155,0
"2425",0,0,0
"2426",1.31,1.495,0
"2427",1.835,0,0
"2428",0.685,1.715,0
"2429",0.56,1.12,0
"2430",4.345,2.17,0
"2431",0,0,0
"2432",0,3.445,0
"2433",0.12,0.735,0
"2434",0,0,0
"2435",0,0.735,0
"2436",0,0.34,0
"2437",0,0.97,0
"2438",0,1.33,0
"2439",0,1.585,0
"2440",0.52,2.6,0
"2441",10,0,0
"2442",1.92,0.64,0
"2443",1.69,1.27,0
"2444",0.755,0.755,0
"2445",0.48,2.195,0
"2446",0.38,0.38,0
"2447",0.29,0.245,0
"2448",0,3.12,0
"2449",0.865,0.55,0
"2450",3,0.75,0
"2451",1.75,0,0
"2452",2.14,0.915,0
"2453",0,0.78,0
"2454",2,1.33,0
"2455",0,0,0
"2456",1.8,0.255,0
"2457",0.89,0.445,0
"2458",0.39,0.39,0
"2459",0.645,0.645,0
"2460",1.75,1.75,0
"2461",1.365,2.045,0
"2462",0,1.315,0
"2463",0.35,1.4,0
"2464",0.525,0.525,0
"2465",0,3.125,0
"2466",0.16,0,0
"2467",2.94,1.96,0
"2468",3.655,2.435,0
"2469",4.44,2.22,0
"2470",0.49,0,0
"2471",2.94,1.47,0
"2472",4.545,4.545,0
"2473",3.845,3.845,0
"2474",2.775,2.775,0
"2475",3.845,3.845,0
"2476",0.7,0,0
"2477",3.845,3.845,0
"2478",1.28,0,0
"2479",0.32,0,0
"2480",0.63,1.265,0
"2481",0.125,0.765,0
"2482",6.25,0,0
"2483",2.11,0.38,0
"2484",0,5,0
"2485",2.19,0.58,0
"2486",0,5,0
"2487",0.395,0.79,0
"2488",0,1.665,0
"2489",0.495,0.33,0
"2490",0,0,0
"2491",0,4.995,0
"2492",1.53,1.02,0
"2493",0,0,0
"2494",0,0,0
"2495",2.33,0,0
"2496",0,2.08,0
"2497",0.265,3.335,0
"2498",1.395,0,0
"2499",2,0,0
"2500",1.23,1.23,0
"2501",0,1.85,0
"2502",0.525,1.32,0
"2503",0,1.665,0
"2504",1.03,0,0
"2505",0,0,0
"2506",0.765,1.02,0
"2507",0.44,0.66,0
"2508",0,4.76,0
"2509",0.365,0.495,0
"2510",0,0.89,0
"2511",0,6.815,0
"2512",0.43,5.645,0
"2513",0,0.38,0
"2514",0,0,0
"2515",1.56,1.56,0
"2516",0.805,1.61,0
"2517",1.98,3.97,0
"2518",3.1,1.16,0
"2519",0.25,0,0
"2520",8.33,0,0
"2521",0.27,0,0
"2522",8.33,0,0
"2523",0.34,0.17,0
"2524",0.36,0,0
"2525",0.78,0,0
"2526",0,4.8,0
"2527",0.68,3.415,0
"2528",10,0,0
"2529",2.7,0,0
"2530",1.315,1.315,0
"2531",1.13,2.27,0
"2532",0,2.38,0
"2533",0,1.14,0
"2534",2.38,0,0
"2535",1.125,0.75,0
"2536",1.96,1.47,0
"2537",0.29,0.58,0
"2538",0.755,0,0
"2539",0.47,0.71,0
"2540",0.195,2.145,0
"2541",0.585,1.175,0
"2542",7.69,0,0
"2543",1.05,1.05,0
"2544",3.17,0,0
"2545",0.85,1.13,0
"2546",0.16,2.4,0
"2547",0.745,1.49,0
"2548",0.325,0,0
"2549",0.29,1.74,0
"2550",0,1.49,0
"2551",0,0,0
"2552",10.415,0,0
"2553",0.655,2.405,0
"2554",1.145,1.145,0
"2555",1.58,0.79,0
"2556",0.32,1.76,0
"2557",0.305,2.155,0
"2558",12.5,0,0
"2559",0.14,2.41,0
"2560",0,0,0
"2561",0,0,0
"2562",0.86,0,0
"2563",0.765,0,0
"2564",0,0,0
"2565",0,0,0
"2566",0,0,0
"2567",0,3.395,0
"2568",0.595,0.595,0
"2569",10,0,0
"2570",0.68,0.68,0
"2571",2.38,0,0
"2572",1.785,0,0
"2573",0.665,0,0
"2574",0.92,2.19,0
"2575",7.14,0,0
"2576",0,0,0
"2577",0,1.61,0
"2578",0,0,0
"2579",0.32,0.16,0
"2580",0.645,0.585,0
"2581",0,5,0
"2582",0,0,0
"2583",0.245,0,0
"2584",0,0.51,0
"2585",0.455,1.14,0
"2586",0.545,0,0
"2587",0,0.255,0
"2588",0.305,1.84,0
"2589",2.29,0.915,0
"2590",0.915,0.455,0
"2591",3.125,0,0
"2592",8.33,0,0
"2593",10,0,0
"2594",0.705,0,0
"2595",0,0.36,0
"2596",0,0.405,0
"2597",0,0,0
"2598",0.425,1.28,0
"2599",1.835,0.92,0
"2600",0.175,0.175,0
"2601",0,0.27,0
"2602",1.11,1.11,0
"2603",0.905,0,0
"2604",0.68,1.36,0
"2605",0,0,0
"2606",0,0,0
"2607",0.45,0,0
"2608",1.055,0.705,0
"2609",0,0,0
"2610",0.755,0.25,0
"2611",0,0.165,0
"2612",0,0.84,0
"2613",1.515,0,0
"2614",0.2,3.435,0
"2615",1.92,0,0
"2616",0,0.95,0
"2617",2.35,0.585,0
"2618",0.68,0,0
"2619",1.745,0,0
"2620",0,0.34,0
"2621",0,0,0
"2622",6.665,0,0
"2623",0.405,0.405,0
"2624",1.175,0,0
"2625",0,0,0
"2626",0.335,0.67,0
"2627",0.275,1.1,0
"2628",0,2.025,0
"2629",0,1.56,0
"2630",0,0,0
"2631",7.14,0,0
"2632",2.58,0.815,0
"2633",0,1.315,0
"2634",0.1,0.1,0
"2635",2,0.665,0
"2636",0.665,1.33,0
"2637",12.5,0,0
"2638",0.625,0.625,0
"2639",1.005,0.56,0
"2640",1.55,0.31,0
"2641",0.245,0.59,0
"2642",0.245,0.59,0
"2643",0.245,0.59,0
"2644",0,3.59,0
"2645",0,2,0
"2646",0.84,2.1,0
"2647",0.915,0.455,0
"2648",0,2.17,0
"2649",1.735,0,0
"2650",2.205,0,0
"2651",1.615,0.03,0
"2652",0,1.645,0
"2653",0,0,0
"2654",0,0,0
"2655",0.91,0,0
"2656",3.845,0,0
"2657",1.06,3.19,0
"2658",2.04,1.02,0
"2659",1.76,0.195,0
"2660",1.075,0,0
"2661",2.38,0.34,0
"2662",0,1.28,0
"2663",0.8,0.2,0
"2664",0,0.875,0
"2665",1.12,0,0
"2666",3.46,0.215,0
"2667",0.34,0.18,0
"2668",0.405,0.255,0
"2669",0.79,0.54,0
"2670",0,0,0
"2671",1.63,0.14,0
"2672",0,1.02,0
"2673",0,0,0
"2674",4.16,1.385,0
"2675",3.565,2.14,0
"2676",0,0,0
"2677",1.735,0,0
"2678",0.57,0.38,0
"2679",0,0.205,0
"2680",0,0,0
"2681",0,0,0
"2682",1.735,0,0
"2683",0,0.395,0
"2684",0.595,0,0
"2685",0.655,0.16,0
"2686",0.155,0,0
"2687",0.335,3.035,0
"2688",4.65,0,0
"2689",0,1.63,0
"2690",0,1.72,0
"2691",3.805,0.495,0
"2692",0,0,0
"2693",0.265,0.265,0
"2694",1.785,5.355,0
"2695",0.255,0.775,0
"2696",0,4.165,0
"2697",7.14,0,0
"2698",0.21,0,0
"2699",0,0,0
"2700",0,0,0
"2701",1.595,0.53,0
"2702",0,0,0
"2703",0,0.32,0
"2704",0,0,0
"2705",0,0,0
"2706",0,0,0
"2707",1.385,0.69,0
"2708",0.925,1.85,0
"2709",0.145,2.535,0
"2710",0.565,0,0
"2711",0,0,0
"2712",1.555,0,0
"2713",0.68,1.025,0
"2714",0.365,0.44,0
"2715",0.23,0.015,0
"2716",0.275,0,0
"2717",0,0,0
"2718",0.705,2.12,0
"2719",1.6,2.24,0
"2720",0,0,0
"2721",4.545,4.545,0
"2722",0.745,0,0
"2723",0,0,0
"2724",1.09,0.725,0
"2725",0.815,0,0
"2726",0,2.225,0
"2727",0.52,0.26,0
"2728",0,4.05,0
"2729",0,4.05,0
"2730",0,4.05,0
"2731",0,4.05,0
"2732",1.15,0,0
"2733",0,4.05,0
"2734",1.245,0.205,0
"2735",0.45,1.235,0
"2736",0.99,0.99,0
"2737",0.35,1.4,0
"2738",0.89,0.295,0
"2739",0.67,1.07,0
"2740",0.51,0.51,0
"2741",0.89,1.17,0
"2742",16.665,0,0
"2743",0,0,0
"2744",0.195,0,0
"2745",0.79,0,0
"2746",0,0,0
"2747",0.815,0.815,0
"2748",1.43,0.61,0
"2749",1.665,0,0
"2750",0,0.605,0
"2751",1.16,0.58,0
"2752",0,0,0
"2753",0,0,0
"2754",0.365,0.495,0
"2755",0.5,0.75,0
"2756",0,1.66,0
"2757",0.56,1.12,0
"2758",2.72,0.8,0
"2759",1.505,1,0
"2760",1.085,0,0
"2761",2.38,0.595,0
"2762",1.35,1.475,0
"2763",0.78,0.78,0
"2764",2.38,2.38,0
"2765",0.27,0.06,0
"2766",0,0,0
"2767",0,0,0
"2768",0.345,0.185,0
"2769",0,0,0
"2770",0.68,0.68,0
"2771",0.84,1.69,0
"2772",0,0.76,0
"2773",0,0,0
"2774",1.72,1.72,0
"2775",0.95,0,0
"2776",0,0.84,0
"2777",1.275,1.27,0
"2778",0.13,0.26,0
"2779",0,0,0
"2780",0.96,0,0
"2781",0,0.335,0
"2782",0,0,0
"2783",0,0,0
"2784",0,1.74,0
"2785",7.69,0,0
"2786",0,0,0
"2787",0,0,0
"2788",0,0,0
"2789",0.565,2.835,0
"2790",0.435,0,0
"2791",0,2.63,0
"2792",0,2.17,0
"2793",0,1.25,0
"2794",0,1.215,0
"2795",2,0.665,0
"2796",0,0,0
"2797",0,0,0
"2798",1.085,3.255,0
"2799",0,0.845,0
"2800",0,0,0
"2801",0,0,0
"2802",1.64,1.64,0
"2803",0,5,0
"2804",0.415,0,0
"2805",12.5,0,0
"2806",0,0,0
"2807",0.805,0.805,0
"2808",0,0,0
"2809",0.21,0,0
"2810",0,0.825,0
"2811",0.335,2.02,0
"2812",0,0,0
"2813",12.5,0,0
"2814",12.5,0,0
"2815",12.5,0,0
"2816",0.435,0.435,0
"2817",1.485,0,0
"2818",0.87,0.215,0
"2819",0,0,0
"2820",0.36,0,0
"2821",0.695,0.39,0
"2822",2.525,1.515,0
"2823",0.43,0.285,0
"2824",0,0,0
"2825",1.61,2.415,0
"2826",0.58,0,0
"2827",0,1.16,0
"2828",0,3.405,0
"2829",1.375,1.655,0
"2830",0,2.32,0
"2831",0.735,0.735,0
"2832",0,3.75,0
"2833",2.375,2.375,0
"2834",1.97,1.31,0
"2835",0.35,1.4,0
"2836",0.65,0.65,0
"2837",0,1.085,0
"2838",0.495,0,0
"2839",0,2.415,0
"2840",0.71,2.5,0
"2841",1.44,1.92,0
"2842",0,0.565,0
"2843",1.74,0,0
"2844",0.79,0,0
"2845",0.35,0,0
"2846",0,0,0
"2847",1.515,0,0
"2848",0,0,0
"2849",6.515,0,0
"2850",0,1.16,0
"2851",0.525,0,0
"2852",0,0.08,0
"2853",0.245,0,0
"2854",0,0,0
"2855",0,0,0
"2856",1.815,0,0
"2857",0,1.32,0
"2858",0.135,0,0
"2859",0.585,0,0
"2860",0.56,1.41,0
"2861",0,0,0
"2862",0.59,0,0
"2863",0.39,0.78,0
"2864",0.38,1.145,0
"2865",0,0,0
"2866",3.47,1.295,0
"2867",1.425,1.425,0
"2868",2.5,0,0
"2869",0.41,1.235,0
"2870",0.31,0.23,0
"2871",0.26,0.095,0
"2872",1.09,0,0
"2873",0.715,0.11,0
"2874",0.6,0.21,0
"2875",1.575,0.525,0
"2876",0.805,0,0
"2877",0.4,0.265,0
"2878",0.025,0.25,0
"2879",2.02,0,0
"2880",0,1.665,0
"2881",0,0,0
"2882",1.075,1.075,0
"2883",0,0.735,0
"2884",0,0.755,0
"2885",0,2.27,0
"2886",1.11,0,0
"2887",5.555,0,0
"2888",5.555,0,0
"2889",0,0,0
"2890",0.86,1.72,0
"2891",1.495,0,0
"2892",2.04,0,0
"2893",1.23,0.615,0
"2894",0,1.47,0
"2895",4.665,0,0
"2896",0.405,0.81,0
"2897",0.685,0.34,0
"2898",0,1.73,0
"2899",0,0.515,0
"2900",1.56,1.56,0
"2901",0.71,1.415,0
"2902",1.53,0.09,0
"2903",0,0,0
"2904",0,0.845,0
"2905",0,9.375,0
"2906",0.275,1.95,0
"2907",1.04,0,0
"2908",2.27,0,0
"2909",0,1.785,0
"2910",0.25,1.125,0
"2911",0,2.94,0
"2912",0.765,1.145,0
"2913",0,0,0
"2914",1.58,0.26,0
"2915",0,0,0
"2916",4.685,1.56,0
"2917",0.29,0.29,0
"2918",0,2.93,0
"2919",0.19,5.205,0
"2920",0,1.01,0
"2921",0,0,0
"2922",0,0,0
"2923",0,0,0
"2924",0,0,0
"2925",1.32,0.44,0
"2926",0,0,0
"2927",2.6,0.285,0
"2928",0,4.545,0
"2929",0.9,2.25,0
"2930",1.045,0.13,0
"2931",2.56,0,0
"2932",0.605,0.755,0
"2933",0.215,2.6,0
"2934",0.6,0,0
"2935",0,0,0
"2936",2.17,0,0
"2937",0,1.175,0
"2938",0.325,0.275,0
"2939",0.335,0.335,0
"2940",0.425,0.225,0
"2941",0.35,0.175,0
"2942",0.605,0,0
"2943",0,0,0
"2944",0,1.205,0
"2945",0.88,0.88,0
"2946",0.375,0.745,0
"2947",1.035,0,0
"2948",1.785,0,0
"2949",0.845,0.72,0
"2950",1.785,1.335,0
"2951",2.5,0,0
"2952",6.52,0,0
"2953",0.105,0.955,0
"2954",6.52,0,0
"2955",2.21,0,0
"2956",1.06,0,0
"2957",0.04,0,0
"2958",0,0,0
"2959",0.37,0.865,0
"2960",2.34,1.56,0
"2961",0,0,0
"2962",0.14,0.14,0
"2963",0.585,0,0
"2964",0,0.96,0
"2965",0.58,0,0
"2966",0,0,0
"2967",0,0,0
"2968",0.43,1.3,0
"2969",0.845,0.72,0
"2970",0.155,0,0
"2971",1.785,0,0
"2972",1.79,1.79,0
"2973",1.315,0,0
"2974",1.96,0,0
"2975",3.945,2.63,0
"2976",0,0,0
"2977",0,0,0
"2978",0,0.78,0
"2979",0.635,1.015,0
"2980",0,1.545,0
"2981",0.375,4.02,0
"2982",0.805,0.805,0
"2983",2.795,0.93,0
"2984",0,1.96,0
"2985",0.595,0.595,0
"2986",1.265,0,0
"2987",0.92,0.585,0
"2988",0,1.425,0
"2989",1.515,0.905,0
"2990",0.02,0.065,0
"2991",0.935,0.31,0
"2992",5.38,1.145,0
"2993",0.905,0,0
"2994",0.345,2.67,0
"2995",0.195,0.395,0
"2996",0,0,0
"2997",3.37,0,0
"2998",1.275,0.635,0
"2999",0,1,0
"3000",0.065,0.065,0
"3001",0.31,0,0
"3002",0,0.37,0
"3003",0,0,0
"3004",0,0.075,0
"3005",0.625,1.665,0
"3006",0,5,0
"3007",2,0,0
"3008",0.26,0.155,0
"3009",1.82,0,0
"3010",0.38,0.265,0
"3011",0.35,0.2,0
"3012",0.285,0.06,0
"3013",0.095,0,0
"3014",0,1.61,0
"3015",1.65,0,0
"3016",1.58,0.315,0
"3017",2.08,0,0
"3018",7.69,0,0
"3019",0,2.21,0
"3020",2.58,0,0
"3021",2.58,0,0
"3022",0.625,0.415,0
"3023",2.08,2.08,0
"3024",1.6,0,0
"3025",0.56,2.805,0
"3026",0.185,2.05,0
"3027",1.14,0.38,0
"3028",2,2.8,0
"3029",0.28,1.12,0
"3030",0,0,0
"3031",0,0,0
"3032",0.905,0,0
"3033",0,7.605,0
"3034",0,2.04,0
"3035",2.27,0,0
"3036",0,1.545,0
"3037",0,2.415,0
"3038",0,1.92,0
"3039",0,0.79,0
"3040",0.68,0,0
"3041",0,10.71,0
"3042",0,2.305,0
"3043",0,0.215,0
"3044",0.535,0.265,0
"3045",0.96,0.96,0
"3046",1.35,0,0
"3047",0,0.315,0
"3048",0,0,0
"3049",0,0,0
"3050",0,0,0
"3051",0.36,0,0
"3052",0,1.225,0
"3053",0.14,0.14,0
"3054",1.06,0,0
"3055",0.085,0,0
"3056",1.365,4.1,0
"3057",0.27,0,0
"3058",2.34,0,0
"3059",0,0,0
"3060",2.23,0.835,0
"3061",0,0,0
"3062",0,0,0
"3063",1.6,0,0
"3064",1.13,0,0
"3065",0.35,1.4,0
"3066",0.53,0.89,0
"3067",0.7,1.405,0
"3068",0.89,0.89,0
"3069",0.745,4.475,0
"3070",0.22,0.01,0
"3071",0.61,1.625,0
"3072",1.375,0.55,0
"3073",0,0,0
"3074",1.28,0.64,0
"3075",0,3.655,0
"3076",0.185,0.37,0
"3077",1.485,1.3,0
"3078",0,0.595,0
"3079",0,0,0
"3080",0,0,0
"3081",0,0,0
"3082",1.715,1.03,0
"3083",0,0,0
"3084",0,0,0
"3085",0.57,1.145,0
"3086",0,1.16,0
"3087",2.63,1.315,0
"3088",0.51,0,0
"3089",0.9,1.505,0
"3090",1.5,0.5,0
"3091",0.995,0.69,0
"3092",1.25,2.5,0
"3093",2.235,0.745,0
"3094",0,0,0
"3095",0.665,0.665,0
"3096",0.815,1.635,0
"3097",1.62,1.215,0
"3098",0.7,1.76,0
"3099",0,2.63,0
"3100",0.925,0.305,0
"3101",0,0,0
"3102",0,0,0
"3103",1.07,0,0
"3104",0,0,0
"3105",0,0,0
"3106",0.125,2.13,0
"3107",0,0,0
"3108",0,0,0
"3109",0.17,3.075,0
"3110",0,0.625,0
"3111",0,1.28,0
"3112",0,0,0
"3113",0.725,2.185,0
"3114",0.18,0.9,0
"3115",1.47,2.205,0
"3116",1.355,0.185,0
"3117",0,0,0
"3118",0,0,0
"3119",0.89,0,0
"3120",0,0,0
"3121",0,0,0
"3122",0,0,0
"3123",0,0,0
"3124",0,0,0
"3125",0,0,0
"3126",0,0,0
"3127",0,0,0
"3128",0,0,0
"3129",0,0,0
"3130",0,0,0
"3131",0,0,0
"3132",0,0,0
"3133",0,0,0
"3134",0,0,0
"3135",0,0,0
"3136",0,0,0
"3137",12.5,0,0
"3138",0,0,0
"3139",0,0,0
"3140",0,0,0
"3141",0,0,0
"3142",0,0,0
"3143",0,0,0
"3144",0,0,0
"3145",0,0,0
"3146",0,0,0
"3147",0,0,0
"3148",0,0,0
"3149",0,3.75,0
"3150",12.5,0,0
"3151",0.35,0.595,0
"3152",3.845,0,0
"3153",0.64,0.06,0
"3154",4.165,0,0
"3155",0.705,0.14,0
"3156",0,0,0
"3157",0,0.12,0
"3158",2.04,1.02,0
"3159",5,0,0
"3160",0.575,0.705,0
"3161",0.97,0.485,0
"3162",1.11,0.22,0
"3163",0.86,0.43,0
"3164",0.32,0.645,0
"3165",0.065,0.86,0
"3166",0,0,0
"3167",8.33,0,0
"3168",8.33,0,0
"3169",7.14,0,0
"3170",10,0,0
"3171",0.755,0.755,0
"3172",0,0,0
"3173",0,0,0
"3174",4.545,0,0
"3175",0,0,0
"3176",7.14,0,0
"3177",0.42,0,0
"3178",9.09,0,0
"3179",5,0,0
"3180",0.085,1.055,0
"3181",3.675,1.47,0
"3182",8.33,0,0
"3183",0,0,0
"3184",0,0,0
"3185",0,0,0
"3186",0,0.01,0
"3187",0,0,0
"3188",1.135,1.13,0
"3189",1.72,0,0
"3190",0.79,1.585,0
"3191",0,1.515,0
"3192",0,0,0
"3193",0.785,0.085,0
"3194",0.52,0.815,0
"3195",0,1.785,0
"3196",0.29,0.29,0
"3197",0.54,0,0
"3198",0,1.02,0
"3199",0,0,0
"3200",0,0,0
"3201",0,0,0
"3202",0,0,0
"3203",0.275,0.275,0
"3204",2.56,0.64,0
"3205",0.875,0.145,0
"3206",0.6,1.2,0
"3207",0.08,1.44,0
"3208",0.88,0.78,0
"3209",0.435,2.195,0
"3210",0.335,0.29,0
"3211",0.26,0.045,0
"3212",0.505,0.195,0
"3213",0.335,0.19,0
"3214",0.58,0,0
"3215",0.35,2.46,0
"3216",0,2.775,0
"3217",0.36,0,0
"3218",0.965,0.685,0
"3219",1.69,2.535,0
"3220",0.435,0.435,0
"3221",0.485,0,0
"3222",0.21,0,0
"3223",2.08,0,0
"3224",1.47,0,0
"3225",0,1.355,0
"3226",0,5,0
"3227",0.14,0.14,0
"3228",3.73,0.745,0
"3229",10,0,0
"3230",0,0,0
"3231",12.5,0,0
"3232",0,0.805,0
"3233",0.56,1.4,0
"3234",0,0,0
"3235",10,0,0
"3236",0,0,0
"3237",0,0,0
"3238",0,1.2,0
"3239",0,0,0
"3240",0,0,0
"3241",1.06,1.06,0
"3242",0,1.47,0
"3243",0,0,0
"3244",0,0,0
"3245",0.415,0,0
"3246",7.14,0,0
"3247",10,0,0
"3248",1.19,1.02,0
"3249",1.96,1.57,0
"3250",0,0,0
"3251",2.94,0,0
"3252",1.59,0.95,0
"3253",0.185,0.09,0
"3254",0,0,0
"3255",1.615,0.97,0
"3256",1.155,1.615,0
"3257",0.65,0.6,0
"3258",1.215,0.81,0
"3259",0.35,1.4,0
"3260",0,0,0
"3261",0.195,0.585,0
"3262",0,0,0
"3263",0.995,0.07,0
"3264",0.11,0,0
"3265",0.165,0,0
"3266",1.24,0.245,0
"3267",1.275,1.28,0
"3268",0.385,0,0
"3269",1.52,1.77,0
"3270",1.335,1.335,0
"3271",0,2.455,0
"3272",0,0,0
"3273",7.14,0,0
"3274",0,0,0
"3275",0.815,0,0
"3276",0,0,0
"3277",0,0,0
"3278",0,0.165,0
"3279",0.53,1.06,0
"3280",1.1,0.88,0
"3281",1.54,0.77,0
"3282",1.82,0.68,0
"3283",0.42,0.18,0
"3284",0.175,0.35,0
"3285",0.115,0.115,0
"3286",0.235,0.235,0
"3287",2.63,3.285,0
"3288",0.335,0.19,0
"3289",0,0,0
"3290",0,0.665,0
"3291",0,0,0
"3292",0.31,0.305,0
"3293",0.445,0.33,0
"3294",1.255,0,0
"3295",0.24,0.09,0
"3296",1.06,0,0
"3297",0,0.94,0
"3298",0,0,0
"3299",0,0,0
"3300",0.195,1.05,0
"3301",0,0,0
"3302",1.47,2.94,0
"3303",0.845,0.48,0
"3304",4.545,0,0
"3305",0.315,0.63,0
"3306",1,0,0
"3307",0,0,0
"3308",0,1.47,0
"3309",0,1.665,0
"3310",0,1.135,0
"3311",0,0.495,0
"3312",0,0,0
"3313",0,3.945,0
"3314",0,3,0
"3315",0,0,0
"3316",0.4,1.605,0
"3317",3.735,0,0
"3318",0,0,0
"3319",1.145,0.355,0
"3320",3.88,0,0
"3321",0,0,0
"3322",0,0,0
"3323",0.595,1.19,0
"3324",0.905,0,0
"3325",0.225,0.45,0
"3326",0.805,0,0
"3327",0.24,0.96,0
"3328",1.325,0.12,0
"3329",1.23,0,0
"3330",1.21,0,0
"3331",2.56,0,0
"3332",2.045,0,0
"3333",0.625,3.125,0
"3334",1.395,0.13,0
"3335",0,0,0
"3336",0,0,0
"3337",0.925,1.85,0
"3338",0,0,0
"3339",0.53,0.26,0
"3340",0.065,1.455,0
"3341",0.72,0,0
"3342",1.02,0.665,0
"3343",0,0.64,0
"3344",0,0,0
"3345",0,0.485,0
"3346",0,0.86,0
"3347",0,0,0
"3348",0,0,0
"3349",0,0,0
"3350",0,0,0
"3351",0,0,0
"3352",4.16,2.08,0
"3353",1.765,0,0
"3354",0,2.38,0
"3355",0,1.05,0
"3356",0.84,2.1,0
"3357",0.69,0.525,0
"3358",0.83,0.83,0
"3359",0.89,0.89,0
"3360",0.43,0.43,0
"3361",0,0,0
"3362",0,0,0
"3363",0.45,2.7,0
"3364",7.14,0,0
"3365",0,0,0
"3366",2.025,1.015,0
"3367",0.6,3.005,0
"3368",1.545,1.545,0
"3369",0.6,1.2,0
"3370",2.6,0,0
"3371",2.38,0,0
"3372",0.83,0,0
"3373",0,2.39,0
"3374",2.08,0,0
"3375",0.395,0.335,0
"3376",0.34,0.345,0
"3377",10,0,0
"3378",0,3.33,0
"3379",0,0,0
"3380",0,2.08,0
"3381",0.48,0.305,0
"3382",0.36,0.175,0
"3383",0.42,0.295,0
"3384",0.58,0,0
"3385",1.555,0.075,0
"3386",0,0,0
"3387",1.04,0,0
"3388",2.235,1.115,0
"3389",0,0,0
"3390",0,1.26,0
"3391",4.16,0,0
"3392",0,0.325,0
"3393",1.61,1.475,0
"3394",0.545,0.54,0
"3395",0.51,0.68,0
"3396",3.445,0.645,0
"3397",0,0,0
"3398",0,0,0
"3399",1.23,0,0
"3400",0,0,0
"3401",0.35,1.41,0
"3402",0,0.17,0
"3403",0.615,3.08,0
"3404",1.665,0,0
"3405",0,0,0
"3406",1.025,1.285,0
"3407",0,0,0
"3408",0,1.75,0
"3409",6.52,0,0
"3410",1.85,0,0
"3411",0,0,0
"3412",0.525,0.525,0
"3413",0,0,0
"3414",0.335,0.445,0
"3415",0,0,0
"3416",0,0,0
"3417",0.245,0.245,0
"3418",0.32,0.16,0
"3419",0,0,0
"3420",0,0,0
"3421",1.35,0,0
"3422",0.98,0,0
"3423",0,0,0
"3424",3.84,0,0
"3425",0.125,2.18,0
"3426",0.36,0.725,0
"3427",0.79,0.73,0
"3428",0,0,0
"3429",0,0,0
"3430",0.145,0.89,0
"3431",0,0,0
"3432",0.31,1.55,0
"3433",0,0,0
"3434",1.975,0.89,0
"3435",1.715,0,0
"3436",0,3.77,0
"3437",1.52,0,0
"3438",0,5,0
"3439",1.28,0,0
"3440",0.45,0.45,0
"3441",0,2.625,0
"3442",0.1,0.825,0
"3443",0,0.58,0
"3444",0,0,0
"3445",0.235,0.235,0
"3446",2.5,0,0
"3447",0,0,0
"3448",0.23,0.92,0
"3449",0,3.2,0
"3450",0,0,0
"3451",0,1.405,0
"3452",1.16,1.265,0
"3453",0,2.38,0
"3454",0.61,0.61,0
"3455",0,0,0
"3456",0.185,3.565,0
"3457",0.86,0,0
"3458",0,2.7,0
"3459",1.01,0,0
"3460",0,7.14,0
"3461",0,0,0
"3462",0,0,0
"3463",3.5,0,0
"3464",1.27,0.03,0
"3465",1.02,1.02,0
"3466",0,0,0
"3467",0.915,0,0
"3468",0.26,0.59,0
"3469",0.45,0,0
"3470",0,0,0
"3471",1.76,2.935,0
"3472",0,0,0
"3473",0,1.6,0
"3474",3.125,3.125,0
"3475",0,0,0
"3476",12.5,0,0
"3477",0.88,0,0
"3478",2.775,0,0
"3479",1.06,2.125,0
"3480",1.515,1.515,0
"3481",0,0,0
"3482",0,0.645,0
"3483",2.355,1.175,0
"3484",1.26,1.265,0
"3485",0.335,0.335,0
"3486",0,0,0
"3487",1.455,1.165,0
"3488",0,0,0
"3489",0,0.44,0
"3490",2.225,0.315,0
"3491",5.765,0,0
"3492",10,0,0
"3493",6.25,0,0
"3494",1.625,0.27,0
"3495",1.19,1.19,0
"3496",0,0,0
"3497",0.96,0,0
"3498",1.97,0.655,0
"3499",0.32,0.16,0
"3500",0,0.98,0
"3501",0,0.98,0
"3502",1.8,0.6,0
"3503",1.11,0.555,0
"3504",0.14,0,0
"3505",1.32,0.825,0
"3506",0.255,1.635,0
"3507",0.435,0.05,0
"3508",1.33,0,0
"3509",1.155,0.865,0
"3510",0.3,0,0
"3511",0.35,1.4,0
"3512",1.325,0.12,0
"3513",0.115,0.115,0
"3514",0.34,1.715,0
"3515",0.095,1.835,0
"3516",0,0,0
"3517",0,0,0
"3518",1.17,0.53,0
"3519",0.37,0.74,0
"3520",0,0.23,0
"3521",1.515,1.515,0
"3522",0.625,0,0
"3523",10,0,0
"3524",12.5,0,0
"3525",0.79,0.19,0
"3526",0.44,2.205,0
"3527",0.73,0.935,0
"3528",0,0.795,0
"3529",0.34,0.685,0
"3530",0,2.94,0
"3531",0,0,0
"3532",3,0,0
"3533",0,0,0
"3534",0,1.8,0
"3535",10,0,0
"3536",1.76,1.175,0
"3537",0,0,0
"3538",0.925,0.925,0
"3539",0,0,0
"3540",0.635,0,0
"3541",0.635,0,0
"3542",0.905,0,0
"3543",0,1.01,0
"3544",0.305,0.3,0
"3545",0.05,0.22,0
"3546",1.66,2.495,0
"3547",0.76,0,0
"3548",0,1.92,0
"3549",1.485,1.485,0
"3550",0.495,0.11,0
"3551",0.105,0,0
"3552",0,2.115,0
"3553",1.16,0.87,0
"3554",0,0,0
"3555",1.4,2.81,0
"3556",0.83,0,0
"3557",1.28,1.28,0
"3558",0,2.22,0
"3559",0.095,0.19,0
"3560",0.53,2.125,0
"3561",0.34,0.34,0
"3562",6,0,0
"3563",6.245,0,0
"3564",3.6,0,0
"3565",0,0,0
"3566",0,0.92,0
"3567",0,1.215,0
"3568",0,5,0
"3569",0.605,0.605,0
"3570",0.75,0,0
"3571",3.8,1.085,0
"3572",1.03,0.06,0
"3573",0,0.655,0
"3574",0.19,0.19,0
"3575",0,0,0
"3576",0,0.845,0
"3577",4.545,0,0
"3578",0,0,0
"3579",10,0,0
"3580",0,3.19,0
"3581",7.14,0,0
"3582",0,0,0
"3583",10,0,0
"3584",10,0,0
"3585",10,0,0
"3586",0,0,0
"3587",10,0,0
"3588",0.245,0,0
"3589",10,0,0
"3590",10,0,0
"3591",7.14,0,0
"3592",10,0,0
"3593",10,0,0
"3594",0,0,0
"3595",0,0,0
"3596",10,0,0
"3597",10,0,0
"3598",10,0,0
"3599",10,0,0
"3600",10,0,0
"3601",0,0,0
"3602",0,0,0
"3603",10,0,0
"3604",10,0,0
"3605",0,0,0
"3606",0,0,0
"3607",0,0,0
"3608",0,0,0
"3609",10,0,0
"3610",10,0,0
"3611",0,0,0
"3612",10,0,0
"3613",10,0,0
"3614",4.545,0,0
"3615",0,0,0
"3616",10,0,0
"3617",0,0,0
"3618",0,0,0
"3619",10,0,0
"3620",0,0,0
"3621",10,0,0
"3622",10,0,0
"3623",10,0,0
"3624",10,0,0
"3625",0,0,0
"3626",10,0,0
"3627",10,0,0
"3628",10,0,0
"3629",10,0,0
"3630",10,0,0
"3631",10,0,0
"3632",10,0,0
"3633",0,0,0
"3634",10,0,0
"3635",0,0,0
"3636",0,0,0
"3637",0,0,0
"3638",8.33,0,0
"3639",8.33,0,0
"3640",0,0,0
"3641",10,0,0
"3642",10,0,0
"3643",10,0,0
"3644",10,0,0
"3645",10,0,0
"3646",10,0,0
"3647",10,0,0
"3648",10,0,0
"3649",10,0,0
"3650",10,0,0
"3651",10,0,0
"3652",10,0,0
"3653",10,0,0
"3654",10,0,0
"3655",10,0,0
"3656",10,0,0
"3657",10,0,0
"3658",10,0,0
"3659",10,0,0
"3660",5.555,0,0
"3661",10,0,0
"3662",10,0,0
"3663",10,0,0
"3664",10,0,0
"3665",10,0,0
"3666",0,0,0
"3667",0,0,0
"3668",0,0,0
"3669",10,0,0
"3670",10,0,0
"3671",10,0,0
"3672",10,0,0
"3673",7.14,0,0
"3674",0,0,0
"3675",3.845,0,0
"3676",10,0,0
"3677",0,0,0
"3678",0,0,0
"3679",0,0,0
"3680",0,0,0
"3681",0,0,0
"3682",0,0,0
"3683",0,0,0
"3684",0,0,0
"3685",0,0,0
"3686",0,0,0
"3687",0,0,0
"3688",0,0,0
"3689",0,0,0
"3690",0,0,0
"3691",1.315,0,0
"3692",0,0.685,0
"3693",0.9,0.72,0
"3694",6.44,0,0
"3695",0,0.505,0
"3696",0.15,0.075,0
"3697",0,2.17,0
"3698",0,0,0
"3699",3.865,0,0
"3700",0.53,0.795,0
"3701",0,0,0
"3702",2.58,0.07,0
"3703",0.96,0,0
"3704",0,0,0
"3705",0,0,0
"3706",0.675,0.675,0
"3707",0.34,0.345,0
"3708",0.35,0.26,0
"3709",0.37,0.255,0
"3710",3,0,0
"3711",0,0.755,0
"3712",0.205,2.285,0
"3713",1.27,0.03,0
"3714",1.16,1.16,0
"3715",0.575,0.77,0
"3716",2.84,1.3,0
"3717",0.11,0,0
"3718",2.43,1.43,0
"3719",0.415,1.04,0
"3720",0.005,0.24,0
"3721",0,0,0
"3722",0,1.785,0
"3723",0.165,0,0
"3724",1.385,2.775,0
"3725",0.815,0.815,0
"3726",0,0.26,0
"3727",0,0,0
"3728",0,5.555,0
"3729",0,0,0
"3730",0.065,1.415,0
"3731",0,1.265,0
"3732",0.64,0.64,0
"3733",3.28,0.505,0
"3734",0,0.22,0
"3735",0,0,0
"3736",0,0,0
"3737",1.8,0.45,0
"3738",0.99,0,0
"3739",0,0.115,0
"3740",2.58,0,0
"3741",1.585,0,0
"3742",0.805,0.265,0
"3743",0,0,0
"3744",0.215,1.095,0
"3745",0.115,0.115,0
"3746",5,0,0
"3747",0,0.51,0
"3748",0,1.125,0
"3749",12.5,0,0
"3750",1.73,1.25,0
"3751",2.61,0.485,0
"3752",1.155,0.125,0
"3753",0.22,0,0
"3754",1.105,2.22,0
"3755",0,0.165,0
"3756",0,0,0
"3757",0.55,0.965,0
"3758",0.435,1.305,0
"3759",1.28,1.28,0
"3760",1.11,0,0
"3761",0,0,0
"3762",0.555,1.11,0
"3763",0,0,0
"3764",0,0,0
"3765",0,0.905,0
"3766",0,5,0
"3767",0,0,0
"3768",0,0,0
"3769",2.575,0.7,0
"3770",0,1.85,0
"3771",0,0.745,0
"3772",0.99,0.66,0
"3773",0.575,0.115,0
"3774",0.615,0.615,0
"3775",0,3.6,0
"3776",0.915,0,0
"3777",1.465,0.755,0
"3778",0.555,0,0
"3779",0,0,0
"3780",1.115,0,0
"3781",0.415,0.695,0
"3782",2.17,0,0
"3783",0.53,1.06,0
"3784",0,0,0
"3785",0.4,0.4,0
"3786",0.55,1.1,0
"3787",0.58,1.16,0
"3788",0,0.925,0
"3789",0,0,0
"3790",0.52,0.085,0
"3791",0.805,0.4,0
"3792",0,0.51,0
"3793",0,0,0
"3794",1.8,0,0
"3795",0.85,0.14,0
"3796",0,3,0
"3797",0.94,1.88,0
"3798",0.25,0.25,0
"3799",0,1.07,0
"3800",0,0,0
"3801",1.285,0,0
"3802",0,2.38,0
"3803",1.265,2.535,0
"3804",0,0,0
"3805",0,1.97,0
"3806",0,1.135,0
"3807",0,0,0
"3808",1.515,1.515,0
"3809",0.325,0,0
"3810",0,0.185,0
"3811",0,0,0
"3812",0,0,0
"3813",1.515,0.3,0
"3814",0.46,0.69,0
"3815",0,0,0
"3816",0,0,0
"3817",0.415,0,0
"3818",3.415,0.425,0
"3819",0.335,1.34,0
"3820",0.25,0.125,0
"3821",4,0.665,0
"3822",0.745,0.79,0
"3823",0,1.61,0
"3824",1.375,0,0
"3825",0.68,0,0
"3826",2.22,0,0
"3827",0.465,0.1,0
"3828",0,0,0
"3829",1.47,0,0
"3830",0.7,0.14,0
"3831",1.385,0,0
"3832",1.3,2.17,0
"3833",0,0.16,0
"3834",0.39,0.39,0
"3835",0,0,0
"3836",0,0.71,0
"3837",0,0,0
"3838",0,1.215,0
"3839",0,0,0
"3840",1.175,0.52,0
"3841",0.94,0.62,0
"3842",0.315,0.155,0
"3843",0,0.055,0
"3844",0.175,0.71,0
"3845",7.69,0,0
"3846",0,0,0
"3847",1.57,0.05,0
"3848",0.35,1.4,0
"3849",0,0.58,0
"3850",1.815,0.905,0
"3851",0.625,1.25,0
"3852",0.815,0,0
"3853",0.4,0.4,0
"3854",1.51,0.05,0
"3855",3.445,0.86,0
"3856",3.485,0,0
"3857",0.39,0.785,0
"3858",0,0.64,0
"3859",0.305,0,0
"3860",0.485,0,0
"3861",0.56,0,0
"3862",0.69,1.49,0
"3863",2.19,0.875,0
"3864",0.605,0.905,0
"3865",0,1.235,0
"3866",1.06,0,0
"3867",0.365,1.465,0
"3868",0,1.75,0
"3869",3.845,0,0
"3870",0,0,0
"3871",0.58,0,0
"3872",0.235,0.475,0
"3873",0,3.5,0
"3874",1.72,0,0
"3875",2.04,0.4,0
"3876",1.76,0.88,0
"3877",0.415,0,0
"3878",1.035,0,0
"3879",0.69,0,0
"3880",3.485,0,0
"3881",1.75,0.875,0
"3882",3.71,0,0
"3883",0.455,2.75,0
"3884",1.665,0,0
"3885",1.09,2.39,0
"3886",0,0,0
"3887",0.645,0,0
"3888",0.07,0.145,0
"3889",0.32,1.28,0
"3890",0.11,1.82,0
"3891",3.615,1.44,0
"3892",0.89,0,0
"3893",0,0.78,0
"3894",0,0,0
"3895",0,0.29,0
"3896",0.49,0.12,0
"3897",1.11,1.11,0
"3898",0,0.19,0
"3899",0,0,0
"3900",0,0,0
"3901",0,0,0
"3902",0.2,0.81,0
"3903",0,0,0
"3904",0.52,0,0
"3905",0.965,1.445,0
"3906",0,0.54,0
"3907",0,5,0
"3908",1.605,0,0
"3909",1.01,0.84,0
"3910",0.295,0.59,0
"3911",1.22,0.605,0
"3912",0.405,1.015,0
"3913",10,0,0
"3914",16.665,0,0
"3915",0.08,0,0
"3916",7.14,0,0
"3917",0.2,0.61,0
"3918",0,2.98,0
"3919",0.615,0,0
"3920",3.33,0,0
"3921",0,1.04,0
"3922",1.61,0.535,0
"3923",0.57,0.57,0
"3924",0.285,0.24,0
"3925",0.37,0.365,0
"3926",0.405,0.235,0
"3927",0.425,0.295,0
"3928",0.25,0.12,0
"3929",0,0,0
"3930",1.17,0.7,0
"3931",1.09,0,0
"3932",0.54,0.545,0
"3933",1.425,0,0
"3934",0.37,0.37,0
"3935",2.01,0.805,0
"3936",0.69,1.385,0
"3937",0,0.47,0
"3938",0,1.73,0
"3939",0.225,0,0
"3940",1.86,0,0
"3941",1.72,3.445,0
"3942",0.95,0.285,0
"3943",0,0.37,0
"3944",0.585,1.17,0
"3945",0.175,0.085,0
"3946",0.465,0.155,0
"3947",0,0,0
"3948",0.64,0,0
"3949",0,0,0
"3950",0,0,0
"3951",0,0,0
"3952",0,1.04,0
"3953",0.525,0,0
"3954",1.245,0,0
"3955",1.16,0,0
"3956",0,0,0
"3957",0.705,0.085,0
"3958",0,0,0
"3959",0.735,0.49,0
"3960",1.06,0,0
"3961",0.58,0.58,0
"3962",0.95,0,0
"3963",0,0,0
"3964",0,0,0
"3965",0.845,0.14,0
"3966",0.32,0.645,0
"3967",0,0,0
"3968",1.34,1.17,0
"3969",0.615,1.845,0
"3970",0.5,0.875,0
"3971",0,1.16,0
"3972",0.135,2.165,0
"3973",2.28,0.285,0
"3974",0.175,0.085,0
"3975",0,1.17,0
"3976",0,0,0
"3977",0,1.35,0
"3978",0.475,0.475,0
"3979",2,0,0
"3980",0,0,0
"3981",0.605,0.17,0
"3982",0.465,0.99,0
"3983",1.265,0,0
"3984",0.4,0.8,0
"3985",1.07,0.64,0
"3986",0.22,0,0
"3987",1.45,1.105,0
"3988",0,0,0
"3989",0,0,0
"3990",0.45,0.68,0
"3991",1.2,0.8,0
"3992",0.545,1.645,0
"3993",0,0,0
"3994",0.37,0.37,0
"3995",2.27,0,0
"3996",0,0.435,0
"3997",0,0.7,0
"3998",0,0,0
"3999",0,0,0
"4000",1.305,0.115,0
"4001",3,0,0
"4002",10,0,0
"4003",4.345,0.665,0
"4004",10,0,0
"4005",0,0,0
"4006",0,0.92,0
"4007",0.86,0.86,0
"4008",0.825,1.32,0
"4009",0.19,0.19,0
"4010",3.445,0.86,0
"4011",0,0,0
"4012",0,1.8,0
"4013",0.8,0.73,0
"4014",2.435,1.215,0
"4015",0.6,0.4,0
"4016",0.895,0,0
"4017",1.645,0,0
"4018",0,0,0
"4019",0,0.39,0
"4020",6.245,0,0
"4021",6.515,0,0
"4022",0.815,1.085,0
"4023",6.25,0,0
"4024",1.45,1.45,0
"4025",2.345,1.34,0
"4026",1.545,1.72,0
"4027",0,0,0
"4028",1.65,0,0
"4029",1.78,2.225,0
"4030",1.315,0,0
"4031",0,4.16,0
"4032",0.96,0.48,0
"4033",1.915,0.38,0
"4034",4,0,0
"4035",2.305,1.79,0
"4036",0,0,0
"4037",2.105,0,0
"4038",4.545,0,0
"4039",2.22,2.22,0
"4040",6.515,0,0
"4041",0,0,0
"4042",0,0,0
"4043",0,3.385,0
"4044",0,1.905,0
"4045",0,0.79,0
"4046",0,0,0
"4047",0,2.265,0
"4048",0,0.7,0
"4049",0,0.785,0
"4050",0,1.67,0
"4051",0,1.23,0
"4052",0,4.54,0
"4053",0,1.455,0
"4054",0,1.16,0
"4055",0,2.685,0
"4056",0,1.295,0
"4057",0,0.72,0
"4058",0,2.79,0
"4059",0,2.25,0
"4060",0,1.73,0
"4061",0,0,0
"4062",0,1.2,0
"4063",0,2.775,0
"4064",0,0.335,0
"4065",0,1.39,0
"4066",0,1.92,0
"4067",0,2.5,0
"4068",0,1.74,0
"4069",0,0,0
"4070",0,2.6,0
"4071",0,2.18,0
"4072",0,2.08,0
"4073",0,2.125,0
"4074",0,2.265,0
"4075",0,1.12,0
"4076",0,2.88,0
"4077",0,3.015,0
"4078",0,5.55,0
"4079",0,0,0
"4080",0,1.5,0
"4081",0,1.06,0
"4082",0,3.57,0
"4083",0,1.425,0
"4084",0,0,0
"4085",0,3.33,0
"4086",0,0.72,0
"4087",0,2.38,0
"4088",0,0.495,0
"4089",0,0.605,0
"4090",0,1.785,0
"4091",0,0,0
"4092",0,0.905,0
"4093",0,2.5,0
"4094",0,2.79,0
"4095",0,2.855,0
"4096",0,2.17,0
"4097",0,0,0
"4098",0,0,0
"4099",0,2.94,0
"4100",0,1.395,0
"4101",0,1.085,0
"4102",0,1.85,0
"4103",0,3.845,0
"4104",0.52,2.6,0
"4105",0,2.305,0
"4106",0,1.585,0
"4107",0,0.89,0
"4108",0,1.23,0
"4109",0,0,0
"4110",0,1.61,0
"4111",0,1.9,0
"4112",0,2.235,0
"4113",0,0.205,0
"4114",0,1.52,0
"4115",0,2.17,0
"4116",0,1.92,0
"4117",0,0.715,0
"4118",0,1.75,0
"4119",0,2.995,0
"4120",0,1,0
"4121",0,1.47,0
"4122",0,2.05,0
"4123",0,1.28,0
"4124",0,2.17,0
"4125",0,2.73,0
"4126",0,3.06,0
"4127",0,1.53,0
"4128",0,2.115,0
"4129",0,3.485,0
"4130",0,2.45,0
"4131",0,2.09,0
"4132",0,2.04,0
"4133",0,2.225,0
"4134",0,1.875,0
"4135",0,2.27,0
"4136",0,0,0
"4137",0,0,0
"4138",0,0,0
"4139",0,0.565,0
"4140",0,0,0
"4141",0,3.965,0
"4142",0,1.045,0
"4143",0,0.6,0
"4144",0,1.8,0
"4145",0,1.015,0
"4146",0,0,0
"4147",0,0,0
"4148",0,0,0
"4149",0.33,1.665,0
"4150",0,0,0
"4151",0,1.985,0
"4152",0,0.265,0
"4153",0,4.68,0
"4154",0,1.635,0
"4155",0,0.275,0
"4156",0,1.895,0
"4157",0,2.185,0
"4158",0,1.35,0
"4159",0,1.17,0
"4160",0,2.94,0
"4161",0,3.53,0
"4162",0,0.165,0
"4163",0,0.655,0
"4164",0,1.97,0
"4165",0,1,0
"4166",0,1.095,0
"4167",0,1.375,0
"4168",0,0.435,0
"4169",0,2.425,0
"4170",0,0.84,0
"4171",0,2.45,0
"4172",0,0.09,0
"4173",0,0.14,0
"4174",0,0.66,0
"4175",0,2.01,0
"4176",0,1.12,0
"4177",0,1.16,0
"4178",0,0.86,0
"4179",0,1.72,0
"4180",0,1.92,0
"4181",0,1.175,0
"4182",0,0.68,0
"4183",0,1.125,0
"4184",0,1.28,0
"4185",0,1.37,0
"4186",0,1.415,0
"4187",0,0.385,0
"4188",0,1.585,0
"4189",0,2.345,0
"4190",0,1.145,0
"4191",0,1.34,0
"4192",0,2.325,0
"4193",0,1.43,0
"4194",0,0.645,0
"4195",0,1.785,0
"4196",0,2.26,0
"4197",0,1.5,0
"4198",0,2.12,0
"4199",0,2.775,0
"4200",0,0.53,0
"4201",0,1.415,0
"4202",0,1.545,0
"4203",0,1.915,0
"4204",0,3.205,0
"4205",0,2.08,0
"4206",0,0.585,0
"4207",0,0.96,0
"4208",0,0.39,0
"4209",0,0.585,0
"4210",0,1.76,0
"4211",0,1.125,0
"4212",0,0,0
"4213",0,0.94,0
"4214",0,0.54,0
"4215",0,3.505,0
"4216",0,0.975,0
"4217",0,1.97,0
"4218",0,1.025,0
"4219",0,1.43,0
"4220",0,0.45,0
"4221",0,2.2,0
"4222",0,1.89,0
"4223",0,1.185,0
"4224",0,2.775,0
"4225",0,0,0
"4226",0,1.41,0
"4227",0,3.845,0
"4228",0,1.465,0
"4229",0,1.865,0
"4230",0,0.945,0
"4231",0,4.165,0
"4232",0,0,0
"4233",0,2.855,0
"4234",0,2.205,0
"4235",0,0,0
"4236",0,2.84,0
"4237",0,0,0
"4238",0,0.845,0
"4239",0,2.5,0
"4240",0,2.63,0
"4241",0,0.78,0
"4242",0,2.94,0
"4243",0,1.92,0
"4244",0,0.495,0
"4245",0,1.385,0
"4246",0,0.985,0
"4247",0,1.095,0
"4248",0,1.7,0
"4249",0,0.925,0
"4250",0,2.325,0
"4251",0,2.59,0
"4252",0,0.515,0
"4253",0,2.33,0
"4254",0,1.9,0
"4255",0,3.07,0
"4256",0,0.845,0
"4257",0,3.33,0
"4258",0,0.735,0
"4259",0,2.185,0
"4260",0,1.515,0
"4261",0,2.715,0
"4262",0,4.05,0
"4263",0,1.45,0
"4264",0,0.875,0
"4265",0,2.56,0
"4266",0,0.915,0
"4267",0,0.735,0
"4268",0,0.54,0
"4269",0,0.22,0
"4270",0,0.205,0
"4271",0,1.35,0
"4272",0,5.55,0
"4273",0,3.19,0
"4274",0,0.71,0
"4275",0,1.01,0
"4276",0,0.91,0
"4277",0,2.14,0
"4278",0,5.35,0
"4279",0.365,1.65,0
"4280",0,2.98,0
"4281",0.695,2.44,0
"4282",0.08,2.085,0
"4283",0,2.55,0
"4284",0,1.16,0
"4285",0.36,0.36,0
"4286",0,1.135,0
"4287",0,3.035,0
"4288",0,0,0
"4289",0,2.305,0
"4290",0,2.44,0
"4291",0,2.38,0
"4292",0,1.135,0
"4293",0,0,0
"4294",0,0.24,0
"4295",0,1.325,0
"4296",0,2.97,0
"4297",0,1.25,0
"4298",0,0.88,0
"4299",0,1.365,0
"4300",0,1.85,0
"4301",0,2.795,0
"4302",0,1.805,0
"4303",0,0.825,0
"4304",0,4.16,0
"4305",0,0,0
"4306",0,0.97,0
"4307",0,3.945,0
"4308",0,0.355,0
"4309",0,1.02,0
"4310",0,0.43,0
"4311",0,0.185,0
"4312",0,0.665,0
"4313",0,1.05,0
"4314",0,3.275,0
"4315",0,2.855,0
"4316",0,2.495,0
"4317",0,2,0
"4318",0,3.7,0
"4319",0,0.76,0
"4320",0,8.53,0
"4321",0,1.665,0
"4322",0,1.44,0
"4323",0,0.605,0
"4324",0,2.08,0
"4325",0,3.33,0
"4326",0,0.62,0
"4327",0,0.455,0
"4328",0,0.51,0
"4329",0,1.885,0
"4330",0,1.48,0
"4331",0,1.28,0
"4332",0,3.185,0
"4333",0,0.915,0
"4334",1.045,1.74,0
"4335",1.09,1.91,0
"4336",0.625,1.875,0
"4337",0,0.275,0
"4338",0,1.085,0
"4339",0,1.135,0
"4340",0,2.31,0
"4341",0,2.97,0
"4342",0,1.145,0
"4343",0,1.855,0
"4344",0,1.21,0
"4345",0,1.21,0
"4346",0,2.63,0
"4347",0,10.71,0
"4348",0,1.335,0
"4349",0,1.375,0
"4350",0,3.875,0
"4351",0,1.56,0
"4352",0,0,0
"4353",0,3.075,0
"4354",0,2.535,0
"4355",0,0,0
"4356",0,1.945,0
"4357",0,0,0
"4358",0,2.025,0
"4359",0,0,0
"4360",0,0,0
"4361",0,0.195,0
"4362",0,3.57,0
"4363",0,0,0
"4364",0,1.21,0
"4365",0,3.57,0
"4366",0,2.6,0
"4367",0,1.08,0
"4368",0,0,0
"4369",0,3.535,0
"4370",0.405,2.84,0
"4371",0,3.63,0
"4372",0,3.565,0
"4373",0,2.44,0
"4374",0,1.21,0
"4375",0.015,0.69,0
"4376",0,1.515,0
"4377",0,1.72,0
"4378",0,4.165,0
"4379",0,0,0
"4380",0,2.27,0
"4381",0,0,0
"4382",0,1.25,0
"4383",0,0,0
"4384",0,0.805,0
"4385",0,0,0
"4386",0,3.17,0
"4387",0,0,0
"4388",0,1.645,0
"4389",0,0,0
"4390",0,0,0
"4391",0,1.29,0
"4392",0,2.675,0
"4393",0,1.1,0
"4394",0,0,0
"4395",0,1.98,0
"4396",0,0,0
"4397",0,2.325,0
"4398",0,2.14,0
"4399",0,1.62,0
"4400",0,1.69,0
"4401",0,3.015,0
"4402",0,7,0
"4403",0,0.76,0
"4404",0,0.81,0
"4405",0,0.24,0
"4406",0,0.21,0
"4407",0,0.115,0
"4408",0,2.22,0
"4409",0,3.03,0
"4410",0,1.455,0
"4411",0,0.99,0
"4412",0,1.49,0
"4413",0,0.715,0
"4414",0,0.595,0
"4415",0,0.505,0
"4416",0,1.165,0
"4417",0,0.81,0
"4418",0,2.775,0
"4419",0,0.89,0
"4420",0.48,2.56,0
"4421",0,1.225,0
"4422",0,1.23,0
"4423",0,0,0
"4424",0,1.66,0
"4425",0,1.015,0
"4426",0,1.54,0
"4427",0,0.55,0
"4428",0,3.03,0
"4429",0,0.75,0
"4430",0,2.575,0
"4431",0,2.68,0
"4432",0,0.4,0
"4433",0,0.44,0
"4434",0,0.82,0
"4435",0,1.45,0
"4436",0,0.88,0
"4437",0,1.52,0
"4438",0,0.15,0
"4439",0,1.97,0
"4440",0,1.97,0
"4441",0,1.53,0
"4442",0,1.97,0
"4443",0,1.85,0
"4444",0,0.14,0
"4445",0,0.22,0
"4446",0,0.21,0
"4447",0,0.85,0
"4448",0,1.055,0
"4449",0.64,1.92,0
"4450",0.155,1.705,0
"4451",0,2.27,0
"4452",0,1.35,0
"4453",0,0.645,0
"4454",0,1.115,0
"4455",0,2.12,0
"4456",0,1.385,0
"4457",0,1.56,0
"4458",0,1.72,0
"4459",0,1.145,0
"4460",0,1.23,0
"4461",0,1.505,0
"4462",0,1.425,0
"4463",0,4.21,0
"4464",0,3.33,0
"4465",0,3.01,0
"4466",0,1.92,0
"4467",0,4.11,0
"4468",2.17,0,0
"4469",0.83,1.665,0
"4470",0.905,2.725,0
"4471",0.445,1.78,0
"4472",0,0.71,0
"4473",0,1.15,0
"4474",0,1.46,0
"4475",0,4.285,0
"4476",0,1.415,0
"4477",0,2,0
"4478",0,2.27,0
"4479",0.74,1.85,0
"4480",0.285,1.725,0
"4481",0,5.205,0
"4482",0,0.155,0
"4483",0,0.635,0
"4484",0,0.475,0
"4485",0,0.735,0
"4486",0,2.8,0
"4487",0,1.55,0
"4488",0,2.835,0
"4489",0,0.655,0
"4490",0,4.265,0
"4491",0,2.48,0
"4492",0,1.25,0
"4493",0,1.095,0
"4494",0,0,0
"4495",0,2.05,0
"4496",0,1.9,0
"4497",0.175,1.25,0
"4498",1.585,1.585,0
"4499",0,1.61,0
"4500",0,1.49,0
"4501",0,1.57,0
"4502",0,2.56,0
"4503",1.19,2.38,0
"4504",0,0,0
"4505",0.32,1.61,0
"4506",0,0.37,0
"4507",0,0.505,0
"4508",0,1.25,0
"4509",0,1.065,0
"4510",0,0.79,0
"4511",0,1.225,0
"4512",0,1.085,0
"4513",0,1.895,0
"4514",0,0,0
"4515",0,0.88,0
"4516",0,1.72,0
"4517",0,0.455,0
"4518",0.095,0.98,0
"4519",0,3,0
"4520",0,3.685,0
"4521",0,0.865,0
"4522",0,0,0
"4523",0,0,0
"4524",0,1.165,0
"4525",0,2.05,0
"4526",0,3.465,0
"4527",0,0.71,0
"4528",0,0.85,0
"4529",0,0,0
"4530",0,2.095,0
"4531",0,2.63,0
"4532",0,2.53,0
"4533",0,2.88,0
"4534",0,0,0
"4535",0,0,0
"4536",0,0,0
"4537",0,0.625,0
"4538",0,0,0
"4539",0,0,0
"4540",0,5.55,0
"4541",0,1.28,0
"4542",0,4.165,0
"4543",0,0,0
"4544",0,0,0
"4545",0,0.465,0
"4546",0,0.4,0
"4547",0,0,0
"4548",0,0,0
"4549",0,1.94,0
"4550",0,0.8,0
"4551",0,0,0
"4552",0,0.715,0
"4553",0,0,0
"4554",0,0,0
"4555",0,0.33,0
"4556",0,3.34,0
"4557",0,1.385,0
"4558",0,0.69,0
"4559",0,0.32,0
"4560",0,2.64,0
"4561",0,0,0
"4562",0,6.375,0
"4563",0,2.55,0
"4564",0,3.015,0
"4565",0,1.82,0
"4566",0,0.91,0
"4567",0,0.785,0
"4568",0,1.275,0
"4569",0,0.67,0
"4570",0,3.515,0
"4571",0,1.515,0
"4572",0,0.93,0
"4573",0,0,0
"4574",0,1.31,0
"4575",0,2.075,0
"4576",0,0,0
"4577",0,0.745,0
"4578",0,3.005,0
"4579",0,0.4,0
"4580",0,0.535,0
"4581",0,0,0
"4582",0,2.04,0
"4583",0,0.445,0
"4584",0,0.925,0
"4585",0,1.14,0
"4586",0,4.76,0
"4587",0,0.915,0
"4588",0,0.355,0
"4589",0,0,0
"4590",0,0.54,0
"4591",0,1.74,0
"4592",0,3.445,0
"4593",0,0.31,0
"4594",0,0,0
"4595",0,3.225,0
"4596",0,2.38,0
"4597",0,0.31,0
"4598",0,4,0
"4599",0,0.9,0
"4600",0,1.125,0
"4601",0,2.625,0
